-- phpMyAdmin SQL Dump
-- version 5.2.1
-- https://www.phpmyadmin.net/
--
-- Host: 127.0.0.1
-- Generation Time: Nov 11, 2024 at 10:22 AM
-- Server version: 10.4.32-MariaDB
-- PHP Version: 8.2.12

SET SQL_MODE = "NO_AUTO_VALUE_ON_ZERO";
START TRANSACTION;
SET time_zone = "+00:00";


/*!40101 SET @OLD_CHARACTER_SET_CLIENT=@@CHARACTER_SET_CLIENT */;
/*!40101 SET @OLD_CHARACTER_SET_RESULTS=@@CHARACTER_SET_RESULTS */;
/*!40101 SET @OLD_COLLATION_CONNECTION=@@COLLATION_CONNECTION */;
/*!40101 SET NAMES utf8mb4 */;

--
-- Database: `nesta_sm`
--

-- --------------------------------------------------------

--
-- Table structure for table `comment`
--

CREATE TABLE `comment` (
  `cid` int(11) NOT NULL,
  `newsfeed_id` int(11) DEFAULT NULL,
  `user_id` int(11) DEFAULT NULL,
  `username` varchar(255) DEFAULT NULL,
  `user_profile` varchar(255) DEFAULT NULL,
  `comment_text` varchar(255) DEFAULT NULL
) ENGINE=InnoDB DEFAULT CHARSET=utf8mb4 COLLATE=utf8mb4_general_ci;

--
-- Dumping data for table `comment`
--

INSERT INTO `comment` (`cid`, `newsfeed_id`, `user_id`, `username`, `user_profile`, `comment_text`) VALUES
(22, 17, 23, 'sushan', '655cce24d0658_52109756.jpeg', 'fdfdf'),
(23, 21, 23, 'sushan', '657326c0e7fc3_photo_2023-12-08_20-06-06.jpg', 'lol'),
(24, 21, 23, 'sushan', '657326c0e7fc3_photo_2023-12-08_20-06-06.jpg', 'tedt'),
(25, 23, 23, 'sushan', '6573c3876f1e2_blossom-plant-photography-flower-petal-bloom-red-botany-flora-close-up-dahlia-late-summer-dahlia-garden-fiery-autumn-flower-macro-photography-flowering-plant-daisy-family-plant-stem-land-plant-garden-cosmos-206439-4080845697.jpg', ' happy birthday brother'),
(26, 23, 23, 'sushan', '6573c3876f1e2_blossom-plant-photography-flower-petal-bloom-red-botany-flora-close-up-dahlia-late-summer-dahlia-garden-fiery-autumn-flower-macro-photography-flowering-plant-daisy-family-plant-stem-land-plant-garden-cosmos-206439-4080845697.jpg', 'hbd bitch');

-- --------------------------------------------------------

--
-- Table structure for table `dislikes`
--

CREATE TABLE `dislikes` (
  `did` int(11) NOT NULL,
  `newsfeed_id` int(11) DEFAULT NULL,
  `user_id` int(11) DEFAULT NULL,
  `username` varchar(255) DEFAULT NULL,
  `disliked_flag` int(11) DEFAULT NULL
) ENGINE=InnoDB DEFAULT CHARSET=utf8mb4 COLLATE=utf8mb4_general_ci;

--
-- Dumping data for table `dislikes`
--

INSERT INTO `dislikes` (`did`, `newsfeed_id`, `user_id`, `username`, `disliked_flag`) VALUES
(29, 23, 25, 'test', 1),
(30, 23, 33, 'rajan', 1),
(33, 24, 23, 'sushan', 1),
(37, 6, 23, 'sushan', 1),
(38, 17, 23, 'sushan', 1),
(39, 19, 23, 'sushan', 1),
(40, 21, 23, 'sushan', 1);

-- --------------------------------------------------------

--
-- Table structure for table `friend_lists`
--

CREATE TABLE `friend_lists` (
  `fid` int(11) NOT NULL,
  `friend_id_1` int(11) DEFAULT NULL,
  `friend_id_2` int(11) DEFAULT NULL,
  `friend_approve_1` varchar(10) DEFAULT NULL,
  `friend_approve_2` varchar(10) DEFAULT NULL
) ENGINE=InnoDB DEFAULT CHARSET=utf8mb4 COLLATE=utf8mb4_general_ci;

--
-- Dumping data for table `friend_lists`
--

INSERT INTO `friend_lists` (`fid`, `friend_id_1`, `friend_id_2`, `friend_approve_1`, `friend_approve_2`) VALUES
(55, 23, 25, '1', '1'),
(71, 23, 28, '1', '0'),
(72, 23, 26, '1', '0'),
(73, 23, 31, '1', '1'),
(75, 32, 23, '1', '1');

-- --------------------------------------------------------

--
-- Table structure for table `likes`
--

CREATE TABLE `likes` (
  `lid` int(11) NOT NULL,
  `newsfeed_id` int(11) DEFAULT NULL,
  `user_id` int(11) DEFAULT NULL,
  `username` varchar(255) DEFAULT NULL,
  `liked_flag` int(11) DEFAULT NULL
) ENGINE=InnoDB DEFAULT CHARSET=utf8mb4 COLLATE=utf8mb4_general_ci;

--
-- Dumping data for table `likes`
--

INSERT INTO `likes` (`lid`, `newsfeed_id`, `user_id`, `username`, `liked_flag`) VALUES
(65, 22, 33, 'rajan', 1),
(66, 23, 23, 'sushan', 1),
(67, 24, 32, 'raju', 1),
(68, 25, 23, 'sushan', 1),
(70, 22, 23, 'sushan', 1),
(77, 20, 23, 'sushan', 1);

-- --------------------------------------------------------

--
-- Table structure for table `messages`
--

CREATE TABLE `messages` (
  `id` int(11) NOT NULL,
  `date` varchar(20) DEFAULT NULL,
  `time` varchar(20) DEFAULT NULL,
  `sender_id` int(11) DEFAULT NULL,
  `receiver_id` int(11) DEFAULT NULL,
  `sender` varchar(255) DEFAULT NULL,
  `message` longtext DEFAULT NULL,
  `image` varchar(255) DEFAULT NULL,
  `message_unread` varchar(5) DEFAULT NULL,
  `message_counter` varchar(5) DEFAULT NULL,
  `sender_refresh` int(11) NOT NULL,
  `receiver_refresh` int(11) NOT NULL
) ENGINE=InnoDB DEFAULT CHARSET=utf8mb4 COLLATE=utf8mb4_general_ci;

--
-- Dumping data for table `messages`
--

INSERT INTO `messages` (`id`, `date`, `time`, `sender_id`, `receiver_id`, `sender`, `message`, `image`, `message_unread`, `message_counter`, `sender_refresh`, `receiver_refresh`) VALUES
(103, '2023-12-08', '09:00:56 pm', 23, 31, 'sushan', 'r6nUhSW2RyQXDHvrPzjjRxDI/2oEEBdDMeMY9zTK6qXiAbetAWpJ3U7BoglK+Xyw1P2EgFSSqCwz5JBDi7/3u+/5ONeNp25yqCvn+2BHfN5T89wQngg8LxiVWlSd970GaWcxmNWwJNjIz9Nc/xzjGZmwv/pxrCW2OE7ZhV5HH9SGFt9Dijwwub4KKf5t7HSYn2gV53H+bM9qjBFDR1vMvlAPyU6tLNycSfDF+TB4moAtUOS5HQr0jpUDyGtvlQQO+eiqCyZmCc/2UGrqBSM8z8G4b4uJqnrvXFHv2djMLeWS+23/TxvdRH6N+W+Ao7DFBEZtunP4/x6uUrB5AIzL8dhyF8iCxfYSk91rW3Z6s48Cmhlni564OjLOOL1ePSi9zhi140E/TxJL1xUZqtIWWi5jgQdy0mFcAzHVLAMeyqSIbRdtPB1+rBGHF8Ca51Z5hkpgGcWLBYG+f+73o3JHA1h/7/D4ztWOEQYajttS+BV88hDYTTmdWtQcr1Ot/4VOsbgCR19t8dHkj0umHhFU7QxINa5G2QFBXWPmAXg3vbctQdsv4t79umTLfZrkbY0gjXV2/3dMhXSpNlC+7n19bmZaFm4RyUwtPss6mqigdHv9adHHKDadvhX50ZTw5bBkaRJtgI56SEAKywoxZtjakftmpo6SZvm70YJyTxP0cp0=', NULL, '0', '1', 0, 0),
(104, '2023-12-09', '08:06:10 am', 23, 32, 'sushan', 'XQhpNZvw+CyOiNk8o1Y92rMWC41AcH8zNOw3Dv8OhSwAYA/0gurliaLwj5AMgBn3+d+E8vJL427Dkux9EyelgypMlU1/PdJ+HbiJN/OLDMzKFmHq02g1XaRr6bOZNeQ+Ank/He179BMJyOXk0B3RwV+cqKhnKiCqY/n2o+8Htj9W5pUyloxNHEuALfDqNzWaa9wnXc06+eGfHdTu/tejQn5ddXt2imxwCgchNQYPUxHZ+XgGuJ+shjACwN4Wx8lMAUzJGupZQNSrFQLsr7WSSk6e+wYKJF84PGNPS9Dc8icqBW8G2frU9Irz8ru7JEAwz08X/6sQibQR27bogJnFdehXLHwlUkwIQg2p/52dsaMmMIXD+1tnwV6xfU1tys+P8uukVmOTmZaC6X3QNh7fAKsbi6cluusnokJc1EsIg0NbjbVicYrVstUWlZmlPoOA5eV5UA2ZiCDS456/llh4tNhXfGDZBlCUb4+Iyfp2AVMt5fYDCMBQU7P+gU+wtQcOdVKStNC3bvAV2G+wbmBbqgxf6CNRypZCZZ/MVJm3bdEYz8Lp0DB4DZscQVOqHhQlgHzA7WqNWskBEhYgKToF2iZIm7uLCZkl70jzRf2XHgCIfvLhM6yLZVfdb9G3N3+WZaIKUKg2D4n+cHSNMN9aW9nQNe6gU2GhlIF/lHzoFhA=', NULL, '0', '1', 0, 0),
(105, '2023-12-09', '08:07:24 am', 23, 32, 'sushan', 'Rl8hLUD27ERWheUXEEmW1jArHxRfWJaf+/PT9uM/ReeFh8/JwyafyOFx2aCHuqEELDF0xBRq5ztdq+tUehplbh9G7glNgFUIw6ObyazI6D8RgUAUSf1t5uKGrSqY+lEuGvC0Wmg4CAqibYHa+LXlFGqa6GeKDOAgYnuHxQi6KzXFmDJaWnRWuyW2LVLu62K0QzG37AcP0QCkM9bKreDZ65x9MMSDUH8kLTcT9+qCsKxmMaqR2+Px8exkICeiI3U6gg+M+DWZYmjoGQ4iOyaCXsmgj0Ba0aey0GLPPOi3yVNmt9zMM9W3rrmsbjTMbeMMN8t94JTUJ7kLXGgjQ76V/h2V4OHuhiok8M3zRiQzOktHRSQPefbKYZbF1H48dQiKDle0jkf3WVwHwyF4dkVb2RkgCtYSZcYcqmeSREdvRv9+ywva1BtsaP6t2XqoWWHvRBzXwrHl0uMMCeCGndIgg0QCe7Iqnof1ot6Klfqlb6n5mA3rbSNCcs3a3mjMt1MJKvFkB/NswWvf/VZOLcxcsKhlTjhSYz+QKUbtfvXccWVuINpatoJoZ8+z7bZYx0jxnHhcykrZpuXt/rgz0BsK/mKuikkf5J4+mQEAVyM2Es5GGFMCGfyaejag991SrV6vRRaG1G6B7wGEP+JVuRp8Rffy95tubc7SvaLrgFKADaU=', '6573cf60d8978_gerbera_flowers_bouquet_5k-5120x2880-1221704523.jpg', '0', '1', 0, 0),
(106, '2023-12-09', '08:07:44 am', 23, 32, 'sushan', 'd/sXk+YzPjvrLR3nCrKcEaGd7zdrXISb4Slsz5TJ3KM6MPVBtiXCTu3LRy1vTRizPfMsdhqoAdfk1MdwoNg7C/Lt0umKRVDVZT7lYVtvNqVUvoKUA8OlvOWlSRBKBR8NzMTCff/qgiLInGn6kPkq8Y8jnCVux9c/wTLaF3BW4F81vbUYzVWD/Ace6bqkcFidGAFe49/f5LRuca14ovAb/17+0f3MIyx6PUsmBh68RdxQT1pUsHxoMEQ9OPaArfH//t5p3JJmRaAdkq8DlB+zQytkX8z25HhX6DoQ7HT/wNKnSSCmsuN69MkuyoqWishLh09rIcpa9yc4GS19aUe+ywwDgQ3LEZUUZ2wj6Npan+UiAc7aAeKqqfpriLNj72uvsnftNzyf7g3Aevu7WA80XOPXERX17YHHT7dHbtRPATkg/YvYWru65UXisTdSVoJ2+zOGEVe9yb8gXxcnjMTsNRFRlln7piHKt57t+tKJFjSya09E3yq7trnz+XloE/xgUboWxuosHqminRwozS88KDdcTfA559E1bAmoF4PVrIVdwao3PVQHi6OhmZKd5Hnjj/sFJCOUFWIz7WFJUqGgKE8FRjfFVNlj0nggHQqNyLuMpaT0M3F9y8cRQp1FsgqyVE16tliPFZY/LCrVaR03g0m/8WvjngBwcKdMEVRigEc=', NULL, '0', '1', 0, 0),
(107, '2023-12-16', '10:10:10 am', 32, 23, 'raju', 'L5T6ABOTyq4YFv19X6zydJaIfSd5j0BG+IJmR82iiqjLoWJM4n2SMLoqKTv+V8n/tiHGfaYv2KTRUi+pPogpru2WxSJVZ4AWUiW/ez8jl6HmuW8lRIDLFy9f08X05nrnN3tSC21fjagJ3uA89iUX5RMolt8nMdAyrEbhZ0AiPwV14gyL9NNcg6TaNZywUSLuAnvZYhV6Q7hI36Vr9U4mJ/1wc1nnCv62GI3qjm0CyE/Ef+Vwy0ehsOB5PWb8+k21mCed2QJ3KXXCi5BC/CsS0yfnzLlLP1wcViA/M9Xh4rj7XqAH8yuzJsuvIYLakdsXRO6XsxQozFd4f0t3qqnXJnpHQypQ3fX8rA8Ai5MRppnOgCfYEwJNzck3NqSXQlNwJSLEruRoVdsW/VxbLjg2dmOEddWy/guJr7eunTPVpm0pVVP9MXFuM8JmEWDN1nmbXLTs20D2ZP26PqyS/8EOxFZlPEfGTMsdk8SH+BjbDmrSAnyIiEdg4EtE9K+ESSsm7TilHVKm857Ejf4QY8Teab1/RfYbQiNYtbyhyDv4B5T4UgmcM8qw7+E5oFQh8oKzLJPfm1ptoTF7cTztUFARIdasA4jPEqJO8q2lWwnOOzeIKimL9gbKzFABgTMIIWMCMN2pjW9jcCkFFdbo4GpoZygZoSXnn7Ogd+zN8432BaU=', NULL, '0', '1', 0, 0),
(108, '2024-02-19', '01:42:20 pm', 23, 31, 'sushan', 'ZSVDr1QDy+nUH2KEUDV5ZWqM+nWnVqFwuxUm1SDFkp/5SBWok7zXYU1kdhvoKJdF/c+0pST9d53ksbgu9dCxdmEkUVPM7gM5yVgXUBZk3bGeUW14sqcq7EOENjSClzjLs681zTqSiFgyhpj5VSV4Y5u/e5YpEY7e10ViBamJrD3GnTaZRU47jdEn+TPfnXmcEj7lsf7ZS3NhJlRvyzT3gRGUauMAoEBL0YYGJPuvKKkkxRYwNXpPuWv56j2PGb0dsNVZXIZmtVkCUanizz46pS63Xip9tMZO+VnnuARuSJDIpH3PMSE1ozepYxDVHQ1+mEQwc1z1od5kobZWBHO/qMh8Tg388TjMaHXwkOmM2oIPVW8EXjwq+Bm2JA2N8nuM60jAeGNxn4w0U4Dn/9a3fOoeISQdT01BxPbvnDg3+5yNYBZuwJLYE6fP3p/FFeEYV99hBYNkFnGOcxoUxFr457r8YdNv/sLSIBEOaUesm1H9aDFLNMYT6veRiGq8HDv3Yimj8NKsJJcgvvjEL3tF6OgnFJk6rGWcoZTvbWUPqM32yWyriTcklsvEkoJoNTxd9kym5YhY3JPs2Pv7jEN1L2eqkDmyp3IHbsrW1iJrXboZaqN0+uc9VM4ae0ZkfbW2+8vhIlmKKfScSxuci651R5T0s8C1e1+00RXlLttlfRo=', NULL, '0', '1', 0, 0),
(109, '2024-02-19', '02:12:33 pm', 23, 32, 'sushan', 'Z3WP9XcbgWTGNjKFuRVFpRyi0FfoM9vnixVc4dfVRLOIYjp9qdUkcBW9GVezjHfydxkhWsexaa4xA1xDKpYlLbYsurAVYpIcyGkQR5Bu1wuIaTlxjZ08p2zAo+Bhzp5kuEQjhBkqlDEWLEe009XYbmkFnn1J1r3IUx/s4mZeh9f+nkPoHRgRY3+gzhKYtY6Joz0RY3M+wAhH4A2BtrGupjQkS4At1uKQmlEQTWOc1gyFSpf8haNiXac1PhTi3kDDn/pOgzoLvf0yOehKPR03h3pZV3zbwNGFjYtE5Zy/Yb60PRAvgn5QD3rutmrnNPeLPJ15IYymaDTLIFaQNTz1+kDD7U/dagxKb5TvHEt+XJW0MphCkmKkdVBHAy51Sq7lRs0C2zxRbKa0z9SPla/WGMLm75X/FdzhiIJZ7WIleAIg94nLgvOcaa36LzGaSpejrjgRA92DqGJ50AKgLPiAAv9rEizf73Q4T6meZCyu4haFgVkecBY3b74zOCbCeQ9FLtYHsQPa9vNAYNt8ZP6pHbE7U/pkkCd51Yz2929jm9wkUd3A+HnX03vsp3fRitlCcDyuqyomTKNh3Z8bmHrbIHJ9Dji/bbQCDXqmFLh3jk4ft5VJDb9Dv5UWtONK5yrPWPVdxqzuK9zzOPFg3fkFG1c4sjz/qXlSDCh8eMmS2Mg=', NULL, '0', '1', 0, 0),
(110, '2024-02-19', '02:13:12 pm', 32, 23, 'raju', 'agwe/27NQKJ9w/v0apCgxliEwYI/VDiK5AGGJtAQ8bWRWr+7TYBI77LTRL+RN6Z0TybtShFBHvKGeQZT02YB1EMEeO2Pew31+hQ49HMGs07r9fHFJv1S/e3vG/a4EnEgvcT9EBZeK1YsHYPvuB8PfSaLprPwXfCJhqerpR8IZKpFiJ4jjMBbzhkJ8gI8ZR9E1auh96EU8XJkCEOwN/CbhpYKMNX2y/GImZemyhZjLJbC0r2uL/hU7msDhbLgr56wsxZRGCGcWnCYdBMajSFp6p6huGwTC3M9PoxONYAPRmpYsdOMKBMCebrHKI/ITA1A6N48WNkLMXePyRsYQzekAc2u9V/y5j6YTGwz2aClLQc6x6v1pJBj9YwDB+dm7AhWhPHwTEBEjUiQgMylolfj9bX/3x6LetfoRN84m+UN0LazK3YkwK2XWtaPpFWJdNDA/eu0C/1Djphk0Fw4tbnU/9reMxaIWihoIhxOSFJyJ5RpidoX63xGNH6S2Xa59gGKgZye4rsarocb5uAfHDtLrCKwjCL5LJIkGh03FnJ76BljBqICt/D6i8hOICxHuvaCqIthclbh6i57rfPVCM/hKRBRL6WwGzDMto1D87ARF1wjK5m246kMgzwoS+nBrhU/vfkxz5NREuenbVwKuuUp1LN86prxGq2pldkgEzBRit4=', NULL, '0', '1', 0, 0),
(111, '2024-02-19', '02:13:28 pm', 23, 32, 'sushan', 'n02pjOvPk8iB+zu6ezZgOQdzgZNZ9Oj6GHYhMjx0kH/RS4mm/dSjJ3zaxHAgMnVa4cvrf2tbqzVyUCvLc9Elnu9kMdHFgPjqogcETNKeIPKTqpskNXUxZ93U/gbGXMnRAmfH6Qnx4rbI/mq+M9h1fPBWyG6d/tf1xMBllBrKu3IF1JtAkUfJxFRHN9Dc7OD5XWqSdiBqx8ZErmBiRlnhb4gz7x8lQXpOeJBWM5vnFVuHy/ZjkE8Oih92cJQpkP8L0i6izRqVLwuksz5jodCtL9eKwTJFwPG798+h5VbfEgqN78IRm1N6fzgp0nD4bMm/sSdaJlyoYUGbj+cIWnhAaUyL9Ct8mO83F0/GRqXsOMdzw0coIQVkmW1lIG+neLYTqApgDKD5OekCSrpzfCILPVV0E+X2H1AHcfV/a8wN5wTbNYJEUamAWAVHy+EavzKIaKpLt+Ob2H8siy1bzHc7Yvk4KB62xaVsbwivpC75x/L7Wd+4lEVddcD1TUf0fSnaS1xZs616oNV80tVcZfcKi4Ot+Iz34K+du3zX5187Kp8Db2qs9BrBzG35PirwtjocU3scUlB+aWYsXgGJRIrOfFSdvwisqDbDzaERTB6BPuVq9V3334SD1t9tLWozHzX5AbrZfTjkLFL2MYbeJnWBjN5CslP/xOn9b2iE3PeMo2o=', NULL, '1', '1', 0, 0),
(112, '2024-03-25', '08:03:13 am', 23, 31, 'sushan', 'OUdBkeTP4z80i/JEQ0abjsvwTUG2W/4Ulz/+53w11D7ejTMcju63rK0ynKORp9NELwQNLxe4I+qLnhCyjHz/GYSezlZe6VvfdD5b9W9rb7k7e4AeIfA+sMOWJ/+D9rCXEQneEBnhb9+kMzSkA+DTn41MFYB8tLFu1OudxfIV16TVXNh2vxmUZ3s9hw4yIkk0PE+qZqo3Wq+yxy4jPxZ1x4BkILsy0EnwycXkvN3ujz9YaXjEOUBdsr9e7yPHQtlzdIWAqmLykyNmjjWNW+gEpOfoMKLzpZwAq3SF34weMSP6VZcVWWB1DiF1y3DzBdTuW8Hf5k52aGQuE/jC2psLHcZ7cMR7j0aOi+pqScyretS74US0W9HwHa7F7FiK0/M7yhPpz6lACZlLtUB74gTCidZw5Pl9H4ZWRpxnJ0AOMSHnB6X2ObtVn1JsmzTSYcz3eEcBnsXR0DYg1AWiiZm+bcQ4Q2tUNW1yc3FscyHvAPbdr3R+Ixkhgfb05FZzdHxW3hlvqbUQHiCui/1cYaFOkOJFt6wJcUhHt0c63HP85Kq6PtMxOfyI3klh1ae1kVJXAHfwQw8pQpxNJWoSR5plyQEz5IpxgbMHKNJmkWln3cWV0wSROmSBiE7SryvuRRsQgAmvKlg9ufAsSjf1FZBBRhSzfHwaR1PAUk9dv6qXo0E=', NULL, '0', '1', 0, 0),
(113, '2024-03-25', '08:04:09 am', 31, 23, 'hello', 'iZT7YSfonEP1NCUHcEkMMsoxGjuVv72IhgHrX6wbX8mR5oIZRxL61BhsKB2g/wmDU//039TNeCHTD56ueqft0XdyR1TmvsMdCZ2nAoFaoOS5DlgdZdlVV3NZ7LXXR9d53qo8LmRigVv04AtcraRcnyhRaiisSKlsyGJI3iMjsQmVaLzQDxcf2jnLxIOVvHAdSuxs2jj/81PnDJnJaWp02dB3qQ3KZGRD6/NLmQk2js2lWwHP/pgtevMVw32Ci5IElbCY11Fwc+DHO54ZCp3cvEz5krYMeFIcxMReIZjwUgLJ8ld1AVkICli5qv47sQyOaFTpatvQkK/TvW2nwrLM6cQi4kzLjYr1uvLtBhFD4vRpjN/uQHrAG+w9KnEO++ypTj7KQ1ityUCM1oAbblhSL5ZIZw7c/rfC64ppX0qc2oSDfQbzg9sAfZlcX+216H91MKkkZRhRgrUX0ls64RvvOb4X5LQwB6g+aaO9UBgtqBJRp8DJa/3ZhnLgDatRpLDzzz3v8adJBrQ4n+F42pG2TJsFfFgAN8q8X/1F93sQGYhEs+A5R/6lz1+GtnuNa5w4G+t7v4ZEj2B2srMyEKdkvT6Q+OjIAcTJ5Rk75vIcReYD/o1AXDDCDA1OK9/YV63nngBTNweKrfCzOy36ldOspB9Kfca5lghFX8h1faSE/ZA=', NULL, '0', '1', 0, 0),
(114, '2024-03-25', '08:04:11 am', 31, 23, 'hello', 'QeOxz8uitUpyjpnNzlN4Gqbh/DQ0ABfbymEjhFpufgs9K5hOTg+HwXPL7GpAUlN4jLJ67IL+h96ixgkxh/pz4cpIlfqXpzx3YQVAqtFEfPqHjDCdRzoU629O9Z8nDxs+i5134ZC/CZUIXTJf1Rfr0dcXQCpTRhXPbHlBvvSG7/bEESpfIMwnxmrMBi0Aa5RnI7aOZ8XJp1hv0LOtEkWRdftAuO27a+WNKAakgbNdK/d7O2RZy1m9ymiMftdHOXf/hOc60mHKbDZum/0vYPx79lS/81ro/gKkGqpa/CiW3w79GLDLVi+eb4vw4tJ3EbRXrn9eyg7Ujv3hT26dg72j6fy4L9vmRZguwLDadWPUxE3rvvkPw23JRztkaKbHqPrbbDIh7owC0c6FCLb+xJMuEXrZggBxfKIO3+D/zo+UMo1D0QbWUmZLbPK7adp8hQqAnzHVN5ADpPr38bTyAzCBQYr3yUrTRQnBdXye/AeBmjdj8KZJGDgQnH8tIm4fkd3XTp/r7iEeJNBuctY921eIro4GCbf9jSQffDdWZ6bzwP5/C2Ql1qA40K0Vqo0yvFgHWF0mNcPWlHDPdMLqphydjoO9JAAa9YoxF+k78km+1x60LohAYUdQjJSI6oqrBUzicxWRye6TH1sv6XurihEMMIYLUZILAa+IDez3yhaUV5A=', NULL, '0', '1', 0, 0),
(115, '2024-03-25', '08:04:14 am', 31, 23, 'hello', 'Oh5cxks46P4OSRv4e47na1Kr8vcI/vsFORKv8/cJzPxs53AKqvUdJVeslLz+ZHDa2qVkIWb/d6NjYVsMyzzUrOd/+4VeYEUj+2ICRa116wc0c79J9zf+1TGCy/WN9cOP0R7HX2V2U47Bs56BRPLvpK6Jx2ZG320273gHovxSp1waClif4+VABzxp9inXY8gBNr/zSN3AKTdPW7XBhvNpseVr+xrVkfYjwquKiHn91SlsQNRn+qUome6RzN1TSoI6jXEiYewEDQ7/Qnx9oSenDocRj97MOpJ4F+xkeU4vgqAgu68aqqEQU+jO0g+STvdsdTgFEv4PrDRfeNb4SIteFezYGP84jivu5r1ouAHSdhGcrYliO4nvFS+s5pKPFyL1i3NH+dOTKpiE7QOJ/4/4YiAXJnlAodtAzkIgUgLr9CqdPOSq0HPidrBWsZCIyZ/jFaT7VCPAhfqJtIP46ohqKaCl2j1AjAd23y9MqYWbaCJqPktKYb/JtxAP949PwVhVoqCoUOnJjAl7khoMNRXwOHfCGnmDFRzCA4vmlazzJDPqIDQTyVYpaHKT6LFq4++mG/24vGVPMCqExQ0CspdJzFOZdT0MFnSqt5YYQa4y6+p7aVT8swFXgjyJb5Qyw/s/Y6MYvd1Gpsff0Y/NfqU9B1uHDs/ADW9IoXKJpEnuO2c=', NULL, '0', '1', 0, 0),
(116, '2024-03-25', '08:04:18 am', 31, 23, 'hello', 'HrlnBi4F8PSZN9TvXVpakIwpnwAJzQcukPGURk8XWGtl7wHgtSTE++621TvPnGOG3vVD99Tw1rdmwbb+1/2x2VIZsRAgsMKiJvXjK4uk40et7ma96B+tx4iTYJzLVCYNCoAN/Xe8PEr/c/2P++9fH/v2E9tnkONQqvkuZ0lQJcMgAgPfsIAZLtYeicdTLBFW7g1jR7gSx26dRNN8qzUWZsU15CuuxNwnSHEffW9qYxpGSt05uuE3mj+MujK+DHPbkmSC2KcN4FW4sM1RmI7v4EBHq1NNldunt6/s6pUmhElHa4/H9Jd5/TpnT77f7pQeLl2R8ExWLHcrN9BUHZCjzI8APaJNlRCaostTXuUZcndrpiVEAqToeL1weTLdew3mWCrTue+0hr3yTWF9PVCEMPufEOyI8ukiDVhLdoPUHe2UequDHazam0zOLG7LE4ZzruwwWyTMGNiQNF+jDG9Mq57DdZq7a9K2pApQbknq1kDyQY943oyHPqCpPZ1Np1vYIqq4wyCjCmzTKDOB9CgtLgxY+8D0VoKZtFaB/OhnMbCGqkU49VaitVgQ8m/iUG5qC9TU5pq2GnzUaWNdUDGZDk7iKPfuoQC9dBYBk6ijPKVLdG8XBmWRN6huZ4CGKc8twn3FzOr7kQO0xjqRdQRtY1IRzO2VNJUKt+vGK2FZi5Y=', NULL, '0', '1', 0, 0),
(117, '2024-03-25', '08:04:33 am', 31, 23, 'hello', '', '660122017b1b4_ransomWallpaper.png', '0', '1', 0, 0),
(118, '2024-03-25', '08:06:13 am', 31, 23, 'hello', 'LsWSLHYBECoBTNunk5EpM0VRvSx3keSWFUxatxDWwMoJ7eeMAYPK03CJKQTCFPqCXWWT5gzVyu5Ulp2AahiCqkZOPVF4sITDipptPNdS155YBl4YCD6JY9NP2AQHtpq7wym5BPJ7MmswklXtoCG6eHlyNdzoGyHYh0f+Y0Ec32uXY5xVXz5vi/S6P/SQANEGyp0JpcqiNsCAWy7a9CH6bAkkGThhBGVesE9av+dLZ3z6oEEr4SH+aHF4ixdO2VgRLUdxzhhN2wjChwRHJ+bJ1atiRPvnHk0J0gEw3eysx2H4H8Ge8gGfYf7+/aWCQD2LRwROc25seAEfUhhGaFwOrpaJt+Hm9QDvezdsZw04NVoaHYTvIruQbxgZpvqOwdBTDYeQL77mHy5OBtw7DobtKwIDng1QgqNGlpF0wAx4gc61Mge4NVCpHJQId/5wDUl1NAZpMbg+V1jthTmA/gyzOTvY7TXAW0JwfVp92e8QZEbbyCdDJVdOOHm/D7g9wg5HB5gZbTGlsLMMaCeeMdmoEyxmoy8yca/6rthW0PkqbjL6BLr0BIe78w6AD+X+VhdJEsc7f7P8LX3VNsQHpEMTKZivFeYyghUZM37s2h1cHM9QjIJMSLZ3Hv5ZIfpNYtcUtU0ud1YfUzge96VqjGXAZSV2oSszUvmiQtI6kM5T3sw=', NULL, '0', '1', 0, 0),
(119, '2024-03-25', '08:06:22 am', 31, 23, 'hello', 'Cj8fihCWwcEQ8LbGxQftxvtbYman0pG8ggJbNJvypjBPe8XzbM3oVdguD7794YHCx/YLMP7sYo2epYUQTiebELbuDVqT5TCP/eGCXY8vc9jIKfKxhcBCc2AQdsqIwSLzEiMde8D76izEQJjojIry13icvfI2JEkuPS6ue6938hLTYmfHlv9ypykWLru2T6kv+piY+bX1evcqA/iGGm6buYZo1sP2zAJhizNEJdOQPmQvxb3/f1vfifR0FfocOnpzoDd2wSR3BIjmvGCwLoc8FBkiEbIIrOfWAfL1q2T/4eAdQ2FyBV2I4PoQ1HbfgtaaaamQ0v+52wryoZ4RNC8HOuizNJimNEFdziRPqOF399zOC773/sO8xB+DtCdx6CB5aJnZZlmrl5TfmwE6+QKb/lxqX501R8tqZFAit45+OnVP/v3On2h8wTRFFxMGFJznGnP+nSwEKiX1CwNgkrRuVClENel9dk4h2M2AHTCcjlyO4uaUvBzLAAG9KO8RqXqP0dy+lmFid4hr9LVvCk8BvTzshCqPIv71jQ+WjrWYM4CRXY/pfFDeWP3Y1MrUlubWj1V+4h0bvdbb6Y+zE7vSXfwcvKtF28EsfG8Rld3GuFXuHRNTugkYz5dhNZbgaR/czbBuH8otHtT8gWwSavswAd18qHCyU/flvCDsPB1VKEQ=', NULL, '0', '1', 0, 0),
(120, '2024-03-25', '08:06:26 am', 31, 23, 'hello', 'O9MY1EEDc6qEYhmm5EcIrw8K64OGUVqv7cJep/uKH/4TrnA0bLTyt3v/gh4rohTCNAKThbRmqDQbltxrm2WKYe0E25+TA+9TLNXEa+imfJpx6BH7dkDAIcxwFj5LP6RU9+ywVbVhkqmTdCkaR8gnv2dJ0TlXhNIPi1uKborrpZgHxL64Ybum+6nDkvGlUI8rzqDR8goMma/JtWK7rD6Au5GS78W+OMNNBYzWXtUQH7928cNOdwYgcYm6QdjAVO4gJNHm4Fhto5RFjhQcd362QvkKllIT98fwryPmHDngY12VvfylGBg7n+3wSZEqIIxwvYQi3+M9hnjRJxjskFEWEC0GT+rg7+7rEXQ8BtJSG5B4gihkQpzXNa9oxjWmln1C2p/hoeaTUHucZiP/8Lg/bg6EeW32l5PaPk50URxWvQet7/f+L53fzpwvo2IVJeDRKBhTsw//aojM5SCc8aqS6kpbDbhl6W4kMBKkT509Yar/WoovfzhwBWEyydrR62Y3FcQypZJmCeRWWIqgyPt9ZPBLW+TPT9AoxoE6SYDG1aFlJEGcheS/Jv1X256eaPHIbKxhaR8e8xshe30smCzP1SlKO5rh5rKonTm3yhdE80kQq4twfNNa1ng3gZZTbctBifxdI6zOQz7LjkEo0ipfU2mcQ8V4wsCQvjO3GKTDbEE=', NULL, '0', '1', 0, 0),
(121, '2024-03-25', '08:08:00 am', 31, 23, 'hello', 'H8SLUt1bTT26Jh3cWgkY36BfJoL63FFs+gwo03W/Go+r3qZO/aVj67iFIkZ8QzqYpm/OE+to0dJ65Xd6wfw55tOVPDiTHrcR09XmDS/sdOnhR3dYhmJq6VMnIf+/bRwINdl8VOqKUkNNrRubf3ZD+fCv5kQ+saYkCXeZ41d2oVDMA27rS7maNGnPkqgyF+7uMwWf9gC8MtvMymni/NHzA8pKpUqAGgqh5eJMOT1BfR4y+G/Nmo2bJHDLzRp0uzOO4ja8BtC/VPpiMIfroTsHXHTOD5+EKkTeVpeolmU+Py2MAAO/cGvW6PyIVliU1xnF9EUmhSp8a67umnOiqy0hq5ahhb3jdO/V0aGI7YxNrrsTh9LsFvHh4TKDoe/cJ81xyyioxaSxhQSIjAWpReextFQempJN2OGKmJYNY6T9bOJ+oeR8H5b0ZF6lpYybQZDkEeyKT6Pq+hFWNHNKQ4YbDFKFHzd6BA4oBApp4iHJUiG1g6+4dV1cc5Fq9ZOSHp/ICMBXPP1fAbytCOi7yB1/X5au0AfYe1Lp51Ii0tpws5w1lzGIotkKaPED0qE2ufIN7mOVoE3y+uExllkBZ0atZHE5jJm6zQSqciBhfvLQVmlYjfH0redTl8V2t5fG1pyq2ED+Kj3Ft00wt/MnHrhCX1LLEJAoB+GDz+2HOM4yNlw=', NULL, '0', '1', 0, 0),
(122, '2024-03-25', '08:08:04 am', 23, 31, 'sushan', 'b9QY0O11m9ptllY1LSd1Jh3xdxBOLlaEcYocS7BIErHgBjG6UsFqfbPs9zb7TQEYEeL+nMwEcq04LrzxGlzv9PKPoWWYaOCjuoe1Ras/JgR7MpRdPmQieysxtNdWPhdVnQx+WP7KWqw3v7Z8uPp5pnyogVRKNXgopcuUjI1tb7f0TQmTOSIvvWTPgHSVefsW4cmYCk7p+mdEaBlZoLlEQ5VevXhCVYYSanvcW8JNjp5veO7MjiyaMeiyZlPkENUnxyMW32ALS+mM6k/qhsfy/VT+4ALvceXRqY4JheIyWq2AKQUKmtd/wJPDnj1UutvArzVNtPXmwQ9uUBRLf/BrXoizZpMnXz/K35rfyPL1a5+pAstba0aK1cl7mBWixyVSACmaMg2x+kG8wm0MnIK3mRSdfs/BQpfW9MFsRJ38+uCw63nx3yxcNIHYCBe8+lgU6mQF/cgPH+shEk7dmmevN0nU/ManXVgETRyzt0kU+QVmJkaZjTTKBPsr5cOAISjzjMJj2FEgoiAhtZZ8y/GxCrG0FqNMAEu2X4shDL/e/eQTODGgDZbP49vwf3bVLTUZEgTrrzkHf6Z7AyH4BjnTvidgb1Gx98AX3cggbVW0mOMf/tFHsro4LD3i6X6yZfNNHv2MMPGZJbz4R01w/qQHLmcRJiP9levsjIHda8AgHQU=', NULL, '0', '1', 0, 0),
(123, '2024-03-25', '08:56:27 am', 31, 23, 'hello', 'MD5RqXASboxC8/0TeHCQK6L9rZ9nWYX/+1PfCJccjVoqeEWdj9L6P4fXnoIj7hlziX97vVrZz8CAKh18tBvSMi2J/qWr63MqnJ6Mg4TMRgI7n4DS475GCc+oHfNIVjN+5dWEXTQLGG8xXJZIYtI/vzLqNxjpa0ZJBYf7vhnPu1g0iO2ABmmeDIV6I/TIelsprvJy/OVzsWtikE2vZx53vqukGaZ43zCam4F12UmDmCyr5HEG7KzKZLlQXRI5GLUXdPVsEJYjS5iGgOnI4eivVzmzsJRai8dhffN0IU8MnPy1tGE969ii5vt2e3KsWWoPhM11BbBiOkYOw4FPfuzCQ6WR4dWblaHnP4fiUzhAoQT5NVxkPApvOYMKz+5W4SF6egHCjS7TTb86CvhquPHtVWtikKT8vas0sFDQvL7/MeuG3vwF5bnD90kBP4yUhykMt0dNbhhpeHeyOxVYEGJDOdzj5XIbleFsJXWNaWPYHbU31awm97cIjy/WA2NycTBv6xCyxXkbOiqzPQy9vq/7oapQQIqpC61vmIWeufSbkGYpE5aD7nqnMdhdYA7vb/IgwtPhvrgRbXAmcAkEjlNKdbVHYOOF8ZAp8z5ectZ6AhJOH3VseB+S3JJRui50/5XOWLuGp5jY0W23RlOA60XOzXzvc3slCpmbjCwf0STf0NE=', NULL, '0', '1', 0, 0),
(124, '2024-03-25', '08:56:33 am', 31, 23, 'hello', 'GEQjNnLllhPtn/3xhkE6M1+PWGZN/XmOkIl80bhSuIXv01NLcReY8wopkojQHybssz0xR21SmLvvbRNgZxHrFuqihzbFUfvTP8WB3uYHa5nBZw/uk/DbTi5cMB2ds+tS0mjQhnuVY0IFtrNc7yvQy7vyFK9c7X24WnTBGSxJOoRhE1ABA1KQaJF9yHuzjnf7X8hs9YNNPnA/HXagC1k3Ohe/Kn7kc8kjwVtRE2hYMAtkLeB82VNda8IJrCV0idWG4UfOeLE2YXKU0ghrhLoV6C+9hYJh6Qak/Ct+euigeTnACx7aZxQ1XQLULuw7gIRG7dleIwyFTTY+YBA6Z2E9xrQQPasA+FCPUdMc0ypFt4lzHIGiEziS1hw1P21g1Sp/GVSIlEJ56xtpx/he4H3I38kNHJvqSUeY2yraqNKTLlHI4mchF38aCz2obY4u7amtqbbTrPImAzBHED1CkgSCYcFgvRwqtcU8LUGIH6RdO06+Espk0+ZVe9m6g6KRssdJCZJH8XIBdoq5RwRIvcscW2xgqk/VFQoRcPsGdbEMHqS/nfBViQg1thbQ3SZ9ThQf6GCmD00RFZcXlXx2mOIXuNYBC4uPhxBOBSJc0sWLMK0sWJ/ypW1cpPJ7zw0VtJCEf2yQuZtoI7BgOfdUELy5hbVlKHrWPm4w+NDXkRkYN+4=', '66012e31c5158_profile.png', '0', '1', 0, 0),
(125, '2024-03-25', '09:03:05 am', 31, 23, 'hello', 'mHqy1NZGFLl/roeRknjEu9OgP5Z8566avj9xYnApiOD4SxpIqhjAVF/vOWcFQGYZHkdey3XztPdOEavGahzrD83lVF9VwuejL8Cl05VKRyMoFIEvOm55LrHm1xYbLSD1fTRLSnMzJYhqZqD+nrrQAr21ImuvC1Y6IYnL6t/4D8Q1uW4XmDzBN/Lgg8af/3oo4wcWmND7aj0xAVb0yohd6jOs6J1Z9GhZpZDYCy44k6ICWOi5Ix9/uUMiF2DQa96cyqaEyJ1pjE7EArWDdcAafVm1Okh90zWG9Dj9r9/MepvB5dxK7aUjNTYfULGR5C4mqUUvK35jt8DFawCdbO3JVvZ2DLAmQkLcNTO81thPC+sS6IfQCIEgwr4bP4czobvOgp9xmTARRh4i5V7oNQYE6wxrdTMjSlCmHE3TTdHP8fByY2SXpFQEOw1Wa8TiVwk1/KTXqIVsMGmLqne4oR7ZPIQnGcKQm4bJVJv27yLqE/8NSzaufQ4jadHNMJtLvFIZ93UrRfTGvQCZiIHf7TH3Zl8vyQqHAOqyouDsv65lo/PWTvxafvct8cU4eSdg1d3133pu/WmBGTywVxPnBG2uXKjtIYC3GYhct9r/avetEEq+svJWB6maP5tEPAvXqBYqF3Af5rV3NVPo92pm04eki+qkp7tNln+PdQux8GXnj7c=', NULL, '0', '1', 0, 0),
(126, '2024-03-25', '09:04:15 am', 31, 23, 'hello', 'P8nsMIUKuwTh/qK9Yuh+0zQzw1RnS9w400QYiJb8LeO7ikwDAIpA3G2WF5iFfz4eDXPJ2D1e7agOHw7h0FygRCvYHTlDfofyRbliGVKeFztWFUcn6YuYdcbo29zKhUDbDb4U2QiVCB1V18i4Rovzjelbvu5eZ+tO5zh5oetZAS0/5u7TEE08UHNyBON83QDvkegHfgCigxXyKZonRPOgVZywDeh3Oe2+crEFzeSAHbfi3R3LWrJj94rtcTRBEFf9S/EzSgKTUrY1Oi28EiM6xXC+1jRIm9hPfvqpsIhukNRI8Iuj5y0fAD18HZSCH+UrHkig7IiUCHykVoejD8isXGvF/hmoMQzHpKjbEpyEaM/l1Dz7STW7tVv1jRNvH1YgL+Tf4qvpmE6hSVlVNp7Z0PudrVXdEzUJoMuI2V0Th92XqkKbBSpAyrPG46iIKeoHYz6j/OrpF3YnYvA7bmL/R1KfCZIy7wMNgka/c5O36jBPihhOrk2IR36ofLEO4/LwcrzTl+rvp4n60hS1zAQ5T/TJt1n4zYufO9uoFKAxOsGet14fdgLQYHVqdE/vsUFljTKDfmGvJivcAj5l4MZPPpZPTQ1VTiwZLPJXq8O94cU+rA/J1a/7+0CPFszvDRMslg8rLokeYWD1PtUT7RcGZctYVQ4Tn/E8Fs4+G7ep3TU=', NULL, '0', '1', 0, 0),
(127, '2024-03-25', '09:06:13 am', 23, 31, 'sushan', 'NkeFlCLEn1ffdqB0QSq/Rt3RheK4zvsZBDaVR1lZcTlGa4z4+FY0pGLAyhLci3waX8xV9Fp6E8kePQTEDwVL6Vmjy4sj1DjzMuXkT+dCclqqaYLHU4r+kzwIIX9riqy4jkDU9pUG5m53VqMDPaxqSamO82v5pMSa8hcml7fy3osm0gkkwC06ADEbbFQrpHVzTkOiT1EQH5u0AfYPDe/G6RJm2q+uizLJbcFbs9mtpXokKk18cZQIa+1wZ4led0elk3MA/pe9UH4ZlrgFOp3Vox4CwhMU9RhG1p6hRyjINYhVuvt6rIRfgUjmjwsJNfaPV5gTyYyoo45nQYGhMzFfG92JuWoph+ViPKj2vC1NLPxWGBg9QRv2eOTfJf5xieK1lvu8fHj7LVOHFZ/+Kx5aUViGyWwEjYblMf+B52nGbtqQLv9bFz2Cbs1rgS7ESVL+/jjNgYN1qZ5dC6SHHIeHgCoWHDJYjjewbOJz6Mc/xIN0AIUo5RFgPO0jfQGJgELwfVSGYPR5Hz8vr9nloZqca+r6AMvKtjhpKzaVJP9BjYqwqDxaWVYPYCkQDgYnv/R3441SsqG8p4O3VvZ06VfBX3jcRR/9jqTt7HQq6kKFmaG9Zr6/UPUwLolXdpQQKYnq+mRHuagu8jn4TmPyINbkaDnBERIh1+RhmPWCYpVIWy8=', NULL, '0', '1', 0, 0),
(128, '2024-03-25', '09:06:23 am', 31, 23, 'hello', 'QF8MlF/OhQnQq5hbl2XxCGyCZNzxeoSiFL/azOGcMGjz00rSVWSpImWiXNSXWGZWxgoEwJU4KX4N48Lto1dWvfOzAHFAlaZ+xEu5x7/2sASp3ckaHaQFrbrSn1vB+TyaYRFBZaJldwNp6dMsIUdjAtHbPZh7AQ45qFEov7zmgxEuix2IXXYqudVGeYPWq3jCY/gyjUI3XlvgAvfnJbUmrjRvNAf5xf182uGXUQj94/LnV/n7Rx7ZKhMCfGtkEq53v8f48BLYZ/DW9pkxcPQIUOGbtraVe8LLGZ1hSvm868heo8l5dGu91GXsF4YgKa7nB+d3LHEmuPUjsHi0WZIgDWLDi0rwE+8xccjJhm2dzlSGOCQolNC5pFREMjvUCchhjlYNPnLUEiG162vZbJmRtodmOYsbSz2cGsiylKxb/7+VA18VBky22ZF9hb8+pOFI42Ufcsu52MdXHKxRvDkR2nJp53SyzGEa07B4851Bjmiugt5ntGi7kV6xI2dhqe4+fA+0EhFcHWaAcPgUhYm/kNyK7X2XnQtVb9ybCQvdEzUP+hxz9ZF/AmM0WlbZzi6uGdozM4PTi0ktlv885DPULVWfEwfRpihZ1UBPOjf8HXcNUCrY2Cq9FSlXoH8mIbZjp2vYveNJ8+kJISA4zinW1DYVQiK1nWRYblmjjpdPv4A=', NULL, '0', '1', 0, 0),
(129, '2024-03-25', '09:06:32 am', 31, 23, 'hello', 'LaxmdmCSr/WvJcM0eYB/i2Gl/OUKXEL1vU3AJB58odSFJ7wWeyn2QWRLNiz+4uEzKcSPK04tbtKp5ycRgWvmeeVlnLUWMy0M8m64DccbsMka79p58m4HJZ3tL4jIpYN5CJTInOpgqBhS/iuQLG5ebvp6yw1+EsnXzMHKyjek+PqksseXaeQMAYduMhxG2P5WA1fEoaq8/jjd+9IR7YcDSck8DYcZ28IRmSBnMquC288quX1mXANcXyu+ybslDI7JbF8o9xtkt0ZtxvVN5kRW2ehLyVA1xZfmIETxQN5woKhYb9PZFfr6JCUWZD+kgi+KIC4q9ER+IBtk8mu5WvK8a2bqJ3YElq8kRVi4ZPdJE8Q89TXx1K3n9R+UQ7mNEj8HiiWl303KtVtnJzNUXfS4d1Ov9wvgKSZ00xJXtqCzz51C4iEmLD+7sgDamLQNn/wYXWWzzuYPljjq5um2F+hFphrmKcYOgFhAq/59WgmjZoZrhDNSsjhiE+sdBp+S5LJt641MBPs3HWBtIOezfJBhe1A969qIwNiVgSDJb39ZCl98P1bjEC8f24+gE7Z68LTm87q+U0xV22TYMyz8KSkXaFOpXDYqFC1yIu8Ezow96yi8ixtOYViIAg+6DAAPFK8xLmB82Rld4z1BQc+/YWFxE0jbcMwVQlWz98JRkzLt4bo=', NULL, '0', '1', 0, 0),
(130, '2024-03-25', '09:06:35 am', 31, 23, 'hello', 'mt8kPwNmIS0NkSQt0uLjq9RuEFiUfktgF526wk43gTkNhcEct5g/zCL6sZKMhmmisAIBZXoLkL5X21EzZePps6tU5fge2gTgXw4VNgALolZohD9NLM+Y6chA41lmETz3m82TjwfYo5MQcy8NvRTzypCKX0q3B2nsSaDGunT1c0tYdoDvCVNJIvsbxwZWTA5/ZjteBNyoF9Fo4GinyzGfr1hiH4wlyQcfDqupngTUGRRxVI6S9019Fah9d3yRaQN3OAcq/PKoewiSeb8//JfuMw077z0+RhjzMtYau2RjDjUGh25LZCxMrNvl14sqaJphU5S5UGQb4YkJaKLlU8+5HaX/LqE0qJwmqdOHtvcrPogCw7gKQKI1jTefDHOuSGN7GJkeLZsxI69OTbQEvs+0cU2Aum5KKHgu1UhHrWG7Q/Hcq/dLTwJZVAChtcEzIbTVgUZmKuPzRQl+6W59a/DY51f7Q47EfDUIXG/hrSKHh4KbxUaCVxm8AjviH1T+pZlQm1EX+Y4QMMEBB4o6kgmVbvggI1XN+lxxeZnDXcRdTBDR4IZcvxyVHf7iNcMWhbY1CX+5A584f5XQ/iY32uuxFQjJs8SNr5mJNVstWR6/jfqMNsIXYtjFXBWrkaGucAg1tNOW/ikOZi+whh+wFKlGmnQH62pkQrZt35yRMSIjTw0=', NULL, '0', '1', 0, 0),
(131, '2024-03-25', '09:06:40 am', 23, 31, 'sushan', 'XN0uPAYChd9nX/LrCW9CpZIpPn1b72TF16tv8o2MmXE18/RrSGeASnv9YGZabNGf7p2Kks6uoGwbxp1kikl6G5WSTWQnBktcNRgE6lM1asXxyT1arDWLXsCRs1ZCcwl7h599eXT1NU2RW0klRnHGSnCvX+dNsvamrONHgRtu3WIQ+Io2IvpevQnH5TfK/xFgma/9w0vKvUUH9AG1PPWVZebvG/JTfRz2dJug1Ah0E32GJ1WxGgu8VOrrPPSsDal4s+zTuFmk2ZcKWj6OcGT32A8wdHwo/aZULEA0o/Jo33B6fl3c/7GAR8qA7k3ZeqcRRjawaCsJaiooZRqoX9qcbpASbrDAH/NipuBcSDzzCJkudrlG4Cvg3OVjf+o3bqWFbqj1pbTtlhRqBO1y7+TSG5Dl45VR9UTz6P9LxNBBqCdAShoB2WewCG6Wv79UoXnUx5BqI1qIXmkdl914/FKyD4zLqhLR1xPDYRY6y3ajGOQGdSCgPQ1Z2HIKQ3sA811lQfV1EjpGCbA5FwOhCHXcf4ungFDnpWLBSB6ipv7y+OEmR0wGm6oLc3n02VZFjGlpNKySWVS+3BT/o44jquLilWQm+WU+5ANrvL/285/Peht1dOUev7xw8tDYh/7XPLRdgcKjb+uLkSLeD5QCmD5vMhqz0YCSIvpwCqHLAHBTTdU=', NULL, '0', '1', 0, 0),
(132, '2024-03-25', '09:24:06 am', 31, 23, 'hello', 'LsaSSiWiqNwzeG/zypG9XmECHenK4szUmDSLVVFJ8TPIO1vG4uMxyXr+Al/mw8F+q6sKXAS9PQSsvryKiyjBcY+W5Nehpi3OHlCVJuJueVTQm+8VUtD8pT8q3P0cXm0Djy5JpiqseBnRJVHFXaAmzc1+22fA6l48K21CCinLDRePl1pTSQzusekGyC4ZLKs5sBYIfKsYNOYLOUg+7U4ob+P2/UM0O/OyWXu9nbMHFD1zks8jlUmNEfid4S91ZKQGjVIL+uzO4wu6t1UG9jxniUTs25AZ+tk5rNCcRL9RRDo6obqEaMfTljQ3lw33rx8W8YSbjrbmvmYTaZ0Ut2qsKt5mtEypwxV5nA+ZNvMrdXzr63LmxFDEnmynvH14lUUbCzTVnAnQfh/SAoX/dxaS+ONUD8Peyx7+lQKv0MMX59IkMmS1q4snRVfg4NCQn/QpHhmFxqZ2O52Y7+FJvgKtc2FELVsPA01o5u1b7J/qSQKQ0BV50jVSeTC6FauV1FJkF8fbs6NG8mAsPAzLIyJReHohkNP6LPxSuhR2V4bTV8E2Z2EDeFvbf0ujWhlAl3ULcEgT0BaEyq5mIOHwRZE13h3hsHqCMKXkiX61ATqbEFdu3ISI9WWUquoJmmCPwLnnGTuOak8+9PMqMgNstWcvXf+wYuPh7RTlal9W3rXH014=', NULL, '0', '1', 0, 0),
(133, '2024-03-25', '09:24:25 am', 31, 23, 'hello', 'fpWqPYZOlHY9jufR9vxZrUxGzl/tYjh1eqdUDdks4aX8Y8mV0W3Po70bomp9/G/JS3cAj+JnO/pXFmETTxIhn5VEkI8uP2kzw8hOireasYdZ/z38rBk1qs8J+KObr4mVWiowCuz9sRYit8T/KnOAVxV05a3oFiJseGGcciIOu67yQDCO8JWScGih9nw2WsU41mMFwQ3j+6CoTMg1GyYf2B9AMMArJYF87azX+WXZYYBeE1U8F3V/BRWvwgCy9NSURKKeGRkuBv6oxZYOrLAayq7iz+epALCtRfYsyhx527upHjuiKUMIFupxqU9rTgmr8a+uitG7zQV/dUhThGntq3EYLTKMfLvR5jDEF5qzMobcAqTrY+ljUw83SxELvQA/1N83wGCLJPdEnupbsxUbeaQG3LFejea6JHekJK4G9CoAgsayaKYczOvJw26LqptPK83fDZGYdOtexN9L9R80EUlCpZhChedFtoXleNF+A3j30vggXBIRC1jPlr3bwgLuHr9DPGozk+oHzg2KJHci0/OUKHHPSJeFyemInhkR1i3W2jQTiWXBuCZ768rdr7YTdy3hlg1qzWxyEmXYKmLd2GtJ0eH0mD61B0IwPVsdaFeOG6NIIjTjp2SFComGaCiRvLB1FfttbMtjRh9yDd7iG9at/ebX0iOOmxUVfyN6nUQ=', NULL, '0', '1', 0, 0),
(134, '2024-03-25', '09:45:59 am', 31, 23, 'hello', 'Jm8Ozjt1YDcwJhkCsaRacjD4Dq5R/Xah0TpEfJGQaTM4jFYUd2yhr6vxIdwdH7QJ2v0VWsfmBaqsER34yLPKVu5Ay4EJUCe9TO210imcW4TZuRHQOU6hsb0UVyK31MHToPUeXOmpQcEv9cMOzGq4mnSz8KD9GLuS+g7PdYp6GQeXsoD2Aw/nYhFgOtXM3/w+m7knfjAOjgKiyskc1yW4PNQjtP0WlhY6LQbogq2vfpVwFGTg5Rn6cX935Z8cpeuOhoKJLL53jkcVJUWRXcIONaQ+awE8w5HRaBtpBwKHWCX4M3ue4eaOnfwdWxktDO6yDeXNt6qkCFlnF2sXhdHrmHIFOmc4XSpI8fmw2StS6OUv2AHfiKbQDfjLp54gedc+ObZaehQ3fUGqjG2cN+VEumcseDN1xXah/2vL9Hj4jeSGQS+XUgJK878seXGS4EQUnqgL5zZoDVsmsxX1RzG9JaIBj7cxQhAxrLe839AnnZwON5a5+8Je6Dn0xw0T9WoGyWvLVL3Ad3aDmUBUQmalAAH6653PdODgTwTO12iPngu4GamnIJC8Ljh0v8BGcPsFJ1mgADxJRJwvl/3eCM4P20DzKAiANIPsUSVtyZ98LEPTePHHgcpykmew7osltAYx6sEvEgCAha2GhhhlOXSFxOInRfsE6BxUQj5l1tSPdig=', NULL, '0', '1', 0, 0),
(135, '2024-11-11', '04:35:18 am', 23, 31, 'sushan', 'bSA36oO3eXUW2p9hYTqtM4yaPeKD4YUu35KIYSw1H0QmviuvfFzyDHPFtfcfii2E8dsNVcQYCzA5KM8JEmHgzfCXvWOuQrZ1fNSYKbYdJOq5j58MrgqF8HgBSe5V5ciRQ8+8sgiPum0tozBlTw4mdZA4zaIWcIGRcoOzYMAq2sZhBRRyWk249LdSqcNMmykynMhEhL2ArHKF/Vs7ylK33aDJIc/kd1HeK2Xt2Z+3L0XhV+bzkTIGK7zxymna8qhfxuvoDpmHZ4MGehud3hGt8lN25Qn7QnBkFgMlGGu7/aAKjuEvIr8X3IoDhtcs2+Go3yaeZWrlkwCkdA+OOfQrIr8TSKXCcR1U2p3Io0XGmjMsfmZYlcoEcs+0vm/skND24jPVSzyzeIfJwEfE4e0r/EWHGQvYXmTX0uiKM4w82pznvbDatDdTf/ecLoNiYzEcTH6ooUEbgAJmO3HQTanw27Vel2pHO7A/DSzeSp44RPWvpWMECtUL5orMr1zEPJj6tA8H9m237jnrxHTmk2kKv2c9nHn1QOqm3jfd9S/kxvCfNd4KNQ1PI1yD49AZfvwh49da/5DT74HuOSWTD8kWBc0HktCDqXIIJP11AtzaQw1hArNRgMxd2vPbsUoAQZGdpypgzIrGJPKum8QVoNBKSDDvOJY2aMKbFtZ+c8iRTMM=', NULL, '1', '1', 0, 1),
(136, '2024-11-11', '04:47:33 am', 23, 31, 'sushan', 'ucLP9q+RfbGtPcy9cf9QIKXVtyLv5nLcGhvSFahg/QR9Zf1CSBtSisgB+8Db9Nc9If58Ugk+u8M5CFeR3NlIf1+qlSvpjKWE+1+rziq36xpkBaPeCh6NmkEsnxOVt3EA3S9QLoMMKvvRj989yX1a1kUQ3W/FVuvoRpIRs0vU78CyBHRxYL4xrh04XtoAUWi6Qhv/19eL6CnNiUVJ47yYDZ5fpdM1WIaT6e4O8A7T7Q9W0IsdDW12iPqgXpuy47AiOHZT2njRs3ulUSm+GUInL8znMC6wQ2nDfkMubwdhjakXmadT6v/Twrq0FV0dYJayCuB+2KnTGmmagqupZVi6nSYzm/ITYMfHtd7Tume7YAFjioBFGroHDnCHpWZLVZZHUfxYVuVth6+I2pnsjTLmoFlGgo9+de/z6gcXyru4bNmUhPjJ2XWxFzPSNoJ6flycFXzw57PfgXYYYjaSzd8WVXe7wNh9IBic9/m4fLuENsLuTtUfGApuyn/f4Byb+W2tszF9JjKdsPcv4OZ7B4ZB88SOEzHScym/5kJWtw0PNrllggS56/mZD5IVHThzY48WIZsXDuHF1fFtth7rJKm7zooMX0QHgBDtw645t5492Ez1d2WZmlOEMX4fFnkNSMZjY1LDT6V4Cet6p3hk9q6HbRUWsz3VxN7yJ1LPtSnpGGQ=', NULL, '1', '1', 0, 1);

-- --------------------------------------------------------

--
-- Table structure for table `more_details`
--

CREATE TABLE `more_details` (
  `id` int(11) NOT NULL,
  `user_id` int(11) DEFAULT NULL,
  `username` varchar(255) DEFAULT NULL,
  `title` varchar(255) DEFAULT NULL,
  `bio` longtext DEFAULT NULL,
  `education` varchar(255) DEFAULT NULL,
  `work` varchar(255) DEFAULT NULL,
  `hometown` varchar(255) DEFAULT NULL,
  `hobbies` varchar(255) DEFAULT NULL
) ENGINE=InnoDB DEFAULT CHARSET=utf8mb4 COLLATE=utf8mb4_general_ci;

--
-- Dumping data for table `more_details`
--

INSERT INTO `more_details` (`id`, `user_id`, `username`, `title`, `bio`, `education`, `work`, `hometown`, `hobbies`) VALUES
(3, 23, 'sushan', 'About Me (Sushan Khaitu ;)', 'Lorem ipsum dolor sit, amet consectetur adipisicing elit. Hic harum corrupti laudantium eveniet commodi doloremque deserunt suscipit aliquid ipsum error!', 'Pascal National College, CCRC, Bhaktapur School', 'CEO, CTO, Intern', 'Bhaktapur, Nepal', 'Music, Video Game, Travelling, FootBall'),
(5, 25, 'test', 'About Me', 'NULL ', 'NULL ', 'NULL ', 'NULL ', 'NULL '),
(6, 26, 'sandhya', 'About Me', 'NULL ', 'NULL ', 'NULL ', 'NULL ', 'NULL '),
(8, 28, 'pankaj', 'About Me', 'NULL ', 'NULL ', 'NULL ', 'NULL ', 'NULL '),
(11, 31, 'hello', 'About Me', 'NULL ', 'NULL ', 'NULL ', 'NULL ', 'NULL '),
(12, 32, 'raju', 'About Me', 'I am Raju. I am Hancy keto Ma. Please Like And Subscribe Me.', 'BCA, Enginnering', 'Intern, Kam pani chaina Fursad ni Chaina', 'Sunsari', 'Hacking'),
(13, 33, 'rajan', 'About Me', 'NULL ', 'NULL ', 'NULL ', 'NULL ', 'NULL '),
(16, 36, 'ronb', 'About Me', 'NULL ', 'NULL ', 'NULL ', 'NULL ', 'NULL ');

-- --------------------------------------------------------

--
-- Table structure for table `newsfeed`
--

CREATE TABLE `newsfeed` (
  `nid` int(11) NOT NULL,
  `user_id` int(11) DEFAULT NULL,
  `username` varchar(255) DEFAULT NULL,
  `user_profile` varchar(255) DEFAULT NULL,
  `newsfeed` varchar(255) DEFAULT NULL,
  `image` varchar(255) DEFAULT NULL
) ENGINE=InnoDB DEFAULT CHARSET=utf8mb4 COLLATE=utf8mb4_general_ci;

--
-- Dumping data for table `newsfeed`
--

INSERT INTO `newsfeed` (`nid`, `user_id`, `username`, `user_profile`, `newsfeed`, `image`) VALUES
(6, 23, 'sushan', '6558c4e7d1355_52109756.jpeg', 'My first Picture', '655b781266b1f_290929939_462437482552056_4730715474021710558_n.jpg'),
(17, 23, 'sushan', '655cce24d0658_52109756.jpeg', 'happy birthday to you', '0'),
(19, 23, 'sushan', '657326c0e7fc3_photo_2023-12-08_20-06-06.jpg', 'External Testing Muji', '657327610b902_photo_2023-12-08_20-07-11.jpg'),
(20, 23, 'sushan', '657326c0e7fc3_photo_2023-12-08_20-06-06.jpg', 'There is nothing we can do -Napolean ', '6573282ee55c6_maxresdefault.jpg'),
(21, 23, 'sushan', '657326c0e7fc3_photo_2023-12-08_20-06-06.jpg', 'eh', '6573338116ab5_photo_2023-12-08_20-06-22.jpg'),
(22, 25, 'test', '657343154978a_photo_2023-12-08_20-06-47.jpg', 'Fuck', '6573437ee79b8_photo_2023-12-08_20-06-30.jpg'),
(23, 25, 'test', '657343154978a_photo_2023-12-08_20-06-47.jpg', 'lol', '0'),
(24, 32, 'raju', '65728939ecf11_1644315125_raju_bans_acharya.jpg', 'merry  crishmas', '6573cfed71988_happy-merry-christmas-greetings-hd-ultra-4k-wallpaper-2331117872.jpg'),
(25, 32, 'raju', '65728939ecf11_1644315125_raju_bans_acharya.jpg', 'happy birthday', '0');

-- --------------------------------------------------------

--
-- Table structure for table `story`
--

CREATE TABLE `story` (
  `sid` int(11) NOT NULL,
  `user_id` int(11) DEFAULT NULL,
  `username` varchar(255) DEFAULT NULL,
  `user_profile` varchar(255) DEFAULT NULL,
  `story_img` varchar(255) DEFAULT NULL,
  `story_blog` varchar(255) DEFAULT NULL,
  `date` date DEFAULT NULL,
  `time` time DEFAULT NULL
) ENGINE=InnoDB DEFAULT CHARSET=utf8mb4 COLLATE=utf8mb4_general_ci;

-- --------------------------------------------------------

--
-- Table structure for table `users`
--

CREATE TABLE `users` (
  `id` int(11) NOT NULL,
  `username` varchar(40) DEFAULT NULL,
  `password` varchar(40) DEFAULT NULL,
  `firstname` varchar(40) DEFAULT NULL,
  `middlename` varchar(40) DEFAULT NULL,
  `lastname` varchar(40) DEFAULT NULL,
  `dob` date DEFAULT NULL,
  `address` varchar(100) DEFAULT NULL,
  `phone` varchar(255) DEFAULT NULL,
  `email` varchar(40) DEFAULT NULL,
  `profile` varchar(255) DEFAULT NULL,
  `approved_status` varchar(20) DEFAULT NULL,
  `admin_flag` tinyint(1) DEFAULT NULL,
  `online_status` varchar(20) DEFAULT NULL,
  `public_key` blob DEFAULT NULL,
  `private_key` blob DEFAULT NULL
) ENGINE=InnoDB DEFAULT CHARSET=utf8mb4 COLLATE=utf8mb4_general_ci;

--
-- Dumping data for table `users`
--

INSERT INTO `users` (`id`, `username`, `password`, `firstname`, `middlename`, `lastname`, `dob`, `address`, `phone`, `email`, `profile`, `approved_status`, `admin_flag`, `online_status`, `public_key`, `private_key`) VALUES
(23, 'sushan', '5f4dcc3b5aa765d61d8327deb882cf99', 'Sushan', 'Cypher ', 'Khaitu', '2000-02-29', 'Nepal', '9801549144', 'gesafipyw@mailinator.com', '6576e4965854c_photo_2023-12-08_20-07-07.jpg', '1', 0, '1', 0x2d2d2d2d2d424547494e205055424c4943204b45592d2d2d2d2d0a4d494943496a414e42676b71686b6947397730424151454641414f43416738414d49494343674b43416745417041536d734d46704136757142677163784638410a43643454644e6a45366d7039596f35356c3237726a664b3577654f67566b4761466b6e55363977563334504e6a514755617558496c62744853555151666d38620a52654a6935526178597754627656434a624c706949464966614e557a503755754b30754864514e47666a7a5138534d41445656516f63572f55377979667343700a6a32694c533855665544536d347a54674e33662f2f4c67714831444259303978576c785a6868613743702b4e67746b526a49624972714e51314a5031696470720a7a50523657583638356b4c632b4455443951422b4541486d42646652345254354c78424437725a5856616c7a5478576a71553770776e4c6c49752f6f4f72506b0a75794e6e2f3078596e683739417371756f546448416f645275456e584648476c75477233646d3876306f6853585a73354e62327a526b4e4849656970523455620a414c4f76656f4f4750386574692b6b4151546b6e645665382b624678343247675563616637336f312f586767583571633353394364372f523962363239726a460a2b6e4d7656496d51496338306f4b592b4143545466786c424f693176477a6b6a626c616b77554e4844595653644b344546377258597a584555494c65744e34540a76656a354e575976637a2b526a6a767861366b474f575355475654754c35655950494630646a5172534958424f305a38387252476645314e437651444d6132540a64307152696a767a6a6d5173464267376d735465456e6942637847534d6359585a7261473153496865774a4877714275537a7849493336484b6d7534307538300a414b4c53372f323657486c4d4a2f536f42534477776c6143394f6e334a79586a646558764c363662534f6a6f77326e644534344758316c684f6a5a53496f58630a482f4a465232744b47704f757949434336325a4b546b63434177454141513d3d0a2d2d2d2d2d454e44205055424c4943204b45592d2d2d2d2d0a, 0x2d2d2d2d2d424547494e2050524956415445204b45592d2d2d2d2d0a4d49494a515149424144414e42676b71686b69473977304241514546414153434353737767676b6e41674541416f49434151436b424b617777576b4471366f470a43707a455877414a33684e30324d5471616e31696a6e6d586275754e38726e4234364257515a6f5753645472334258666738324e415a5271356369567530644a0a5242422b62787446346d4c6c4672466a424e753955496c73756d49675568396f31544d2f745334725334643141305a2b504e44784977414e56564368786239540a764c4a2b774b6d506149744c785239514e4b626a4e4f4133642f2f3875436f66554d466a5433466158466d474672734b6e3432433252474d687369756f3144550a6b2f574a326d764d3948705a66727a6d51747a344e51503141483451416559463139486846506b7645455075746c645671584e5046614f7054756e43637555690a372b6736732b53374932662f5446696548763043797136684e3063436831473453646355636157346176643262792f5369464a646d7a6b3176624e47513063680a364b6c4868527341733639366734592f7836324c365142424f53643156377a357358486a5961425278702f76656a5839654342666d707a644c304a33763948310a76726232754d583663793955695a41687a7a5367706a34414a4e4e2f475545364c5738624f534e75567154425130634e68564a30726751587574646a4e6352510a6774363033684f3936506b315a69397a5035474f4f2f4672715159355a4a515a564f34766c356738675852324e43744968634537526e7a7974455a385455304b0a39414d78725a4e335370474b4f2f4f4f5a43775547447561784e34536549467a455a49787868646d746f625649694637416b66436f47354c5045676a666f63710a61376a53377a51416f744c762f6270596555776e394b674649504443566f4c303666636e4a654e313565387672707449364f6a44616430546a675a66575745360a4e6c496968647766386b564861306f616b36374967494c725a6b704f5277494441514142416f4943414677546646786f42344d58414a6a70706a34624d744e580a5230626d56673166414d717550785a444835754e6372696c42364c45717a4c742b636a36775a4337316b3364594374756d643973786b556348384a4b7231335a0a44446d644e72486d7a5645484145373468784f7235705163632b764530346c636d6b75584c6943364658583564784d464851486b4746647937435636465059370a3830377939335134537150735542377a6a394b59744a546c3664724e6730333934416746684c5566417673387a727738416a622f32655773746a2f5154596f2b0a694e7a7136444b2f774872616b4545664b4b586c32764c57794b7a3538445636685268695a7237684a4b6c3139573262726d454a7a5261433562546d766e5a4d0a46787263436a656948396c4d58534b462f4b677676544765796b3567796d36774a67486e77306f47573237504d4275365267556779624d41674e39306d7359770a2f534876766f646c2f5263383530767a5947387163574a427a4166784c5841617443732b59517073484d67706c5569565432704279336a5654364c734c4b37380a5a686d474232374e71495038396154464f6e6c6366376f6e6f634f6665344b4f30544d795359346e466e64394b39726661527a365537453356594b545a5036640a762f38626a5066784f58666c6649332f4b4b712f5036534c6b6b4b2f356b5532706a307a564e6f5a39547945517a466266742f4561336a4e70552b73333666510a547552746152387a546b54765664386b7a514a766c7a7174315a70527337514c4f686c35384f6456794935557a76584673684761633150752b685958534365780a39356e6a73766e796c464a774e5170443655526a38464f453853693342772b4f70793551545a65362b504438445551585769657a327373796839764d523336520a6a356478792b396b4e446d7841574545552b614a416f4942415144513033456d424b585a3256764a672b6631667761435250682b7775594c7a592f564f5038580a623959446e505579685044324a6f367759704b4d713545654d77456b4a513163445557534f4f512f2b517456447a6a49686a6236464536474f3433374b7732460a2f6638333957323071314d3346642b5a65322b306445323450624d734338414c2f3271485a51447a79593939567831456557384636687065433258754c3774640a2f494c71324f476730732b2b44666a42584549717265414750593434496f3247693578784b51505a6c2b79793261626a5079717a4b656a5a7533444356676f790a5338777a54783533723531636e72365436424b41344d464b2b69734d2f615754736652394a7659524843596a46514367464e33305a71556237736663504855470a51655470525a4b7374524c564331394f68465366755a574c6456486b385769332f644c694d5336466236356277442f39416f49424151444a45664646454e51500a746b586a6179743751474136756c784354594732794a47634e4361376b716f6d6677375235322f4b77476d71374f71616f5676677057744456444258436352370a636648586f4e72396b697665435a6e67345349666a50426f585278552f30757535487164674c556730536b5338456843304a427566576f38412b675974356b430a7761474831592f514a714f4e7a4439647754756e6164536770562b6d38575734334552307335762b7a484e6f6b66766a42336d6530736a75706b4957517277340a79752f4f3567744f54796770483531732b4133365955417931326a526b2b515461346a64305244554e32347131526d35634d5244644d6a5943366e4a3254504e0a5a65662b374852796d59774f617a4c6d7a7536394c4742594a326c73683630755a69567378434d733578737866356e4257704a4f6f735055666549324b6d526d0a36486b373134422f434e4354416f49424144485272395846474267663365443267686b305938596956444a5270765937355575574847316e39655049783070310a49744e6d6f585839486a394845776a6b58437057574a69555a66756262514443466d304667364e374f5a52783063582b5955494270476c4b446d413451694c760a474a7730734c4a36473030757a666664614768697154397a674f4f714f6737764544647a312f796c42394b655a676e3371437170346f5a716e6f554f6c7331360a58617457772f6a46584e6533775a46626b426c65544f744456574139793768576f56614e7a4632386a5342504b456b426963596a4a71325848624644393933500a334c66692b30356e2b446f63354b42526a49473935596d56302b456a73574b6c6c34655a46427763766c4c33526636692b62565743776b69495531786c71747a0a53336e6543362b3872442b71303732416b4c67517938335256555533504955432f744c4f79375543676745416159793872626657796d537872563964315061480a54577a3037323147635a41364e3968386d4b7932477a314a7031437073374a7342656b5767704f2f366c364c7679316272755557756f4b6e4a4c3178462f6c360a673756676a4e64434658506a3437553149543166476e4567474c77753251705457486a41526971384676524a4a7a595a795a666666373372734b57674e2f47410a6d2f676a4c334533676e756776612f79565732564b3453646676476d4b777869625074745564466a75386345365a706e534d3542686b4b70766c2b75676134310a3839682f794773793030506e386f68336f7354537a6f7239727775486e513934436f345255664a725a4d6e53674f386d6379704d386a37546d56504245554f660a62525a44417a7950774d69687a73547070367056632b7a314b6e4b5030497546442b6665363878437a33724c2b436b59376277314e6e7845332f4152715234550a64774b43415141493064435066446a584e572f7930416c4564556b7267795246475355556f346f6d316b4d762f4a4141387876795837647433377570696442640a3345427a4266646c6c7a6444357835767a766431355848515549586f34305478756754734738706c67704e473663564c736b63756e387a44794472796b4c39640a734b4561454e45505930774a4c2b57696e4955485951424465436c3335762f4d3330336a42715570684c7257677539462f4348444f4c4d564e4e6c37594465470a6c5854525553375554327656534e52797a7931375242732f44366b645951735a682f4a48666d755974557430636f7a53616d614f7067773837687663394279630a44667676567154635671394e793630516a35365468456259466362764c42437a523231502f55757734633174794e6464374f75344d587747305171706c3166330a4546496a72363451342b78504b4179696973786e6549544542464b690a2d2d2d2d2d454e442050524956415445204b45592d2d2d2d2d0a),
(25, 'test', '098f6bcd4621d373cade4e832627b4f6', 'TEst', ' ', 'User', '2013-06-26', 'Nepal', '9865321470', 'test@email.com', '657343154978a_photo_2023-12-08_20-06-47.jpg', '1', 0, '0', 0x2d2d2d2d2d424547494e205055424c4943204b45592d2d2d2d2d0a4d494943496a414e42676b71686b6947397730424151454641414f43416738414d49494343674b4341674541364857424f686a43773563765a3454685262696c0a4f48444437676b6156346e51314e6138356b6b4e364e4c4b4b6e687633386f572b6b704452685431357368724d64656373695936582f48536430734e47756f370a7472415465372f674a76684731716973513873344a4e766641484b53546d464e5155674d73762f444963504637316c78507677655355336b545265714f68672b0a39427552554a68594d5738724855513533596a595746684178344b626457665957594e4d2b4f3339555a6d33774a774b696a304f46545734384d6851716636540a576579423456704d7a4a69547157392f564e4535413864616948616b30707a48514f635478376d57712f6c776f337841756264644475756c77447141576f58490a4348394b4741574f3778696877552f4b377a48725336453769704a2f3571426232386a6357743970704f454b61313955376346463778487379794568674d46440a773243685a4374576f426639375563654d446737616153697442694d596c6a5946462f5936794730646165736f73373968464b317a474c62447370585454734c0a4d2b5451317976723848517866344e56336a626e554a5a4835626b45536f78464337374e447131567872784a49664d6b495a4558476d6c56497859684b3233640a775759484b3576484156712b694566664d33596b446c583770464f6f63456e5631613951674d4d7464715a636c2b4159774959633976477133347238697651520a38357633313476722f736c4f41467647704d312b2f2b494d756e6d397a4565685854324673576e41324e7a31385571706a6871776462504d692f726b763835580a755677556c376e50434b42776c71514d4264664d7a4175305062302f7233456c4e64634c6456495233304b7578465472534a452b6a2b31565a49655939716b530a6c6d79644a65324a646242686c356234355467612f4738434177454141513d3d0a2d2d2d2d2d454e44205055424c4943204b45592d2d2d2d2d0a, 0x2d2d2d2d2d424547494e2050524956415445204b45592d2d2d2d2d0a4d49494a517749424144414e42676b71686b69473977304241514546414153434353307767676b7041674541416f49434151446f64594536474d4c446c79396e0a684f4646754b5534634d5075435270586964445531727a6d5351336f30736f7165472f6679686236536b4e474650586d79477378313579794a6a706638644a330a53773061366a753273424e37762b416d2b456257714b7844797a676b3239384163704a4f59553142534179792f384d68773858765758452b2f42354a5465524e0a46366f3647443730473546516d4667786279736452446e64694e685957454448677074315a39685a67307a34376631526d6266416e41714b505134564e626a770a794643702f704e5a37494868576b7a4d6d4a4f706233395530546b4478317149647154536e4d644135785048755a61722b58436a664543357431304f363658410a4f6f42616863674966306f5942593776474b4842543872764d65744c6f54754b6b6e2f6d6f467662794e786133326d6b34517072583154747755587645657a4c0a4953474177555044594b466b4b316167462f3374527834774f447470704b4b3047497869574e675558396a7249625231703679697a7632455572584d5974734f0a796c644e4f77737a354e44584b2b76776444462f673158654e7564516c6b666c7551524b6a45554c7673304f7256584776456b68387951686b5263616156556a0a46694572626433425a6763726d386342577236495239387a6469514f5666756b55366877536458567231434177793132706c795834426a4168687a32386172660a6976794b3942487a6d2f6658692b762b795534415738616b7a58372f346779366562334d5236466450595778616344593350587853716d4f477242317338794c0a2b75532f7a6c653558425358756338496f4843577041774631387a4d4337513976542b7663535531317774315568486651713745564f74496b5436503756566b0a68356a3271524b57624a306c37596c31734747586c766a6c4f4272386277494441514142416f4943414234794455772f705355464158706637326441476534660a37384e2b3254596678386d74377a47327361445a714c736c6b397174424a6b55686e4b584447346a414a476a34553365323178564c444b6b78426f48375350490a38573730754b673350665271537034767971593344567567686c4b3648752f6f375156665a62694146726b466c456c4c4e4a2f764230586757684e627a4f6d6d0a6e78537142574b2b66776f354c343851564a4839504d54747555586837462b4d52375a614b3771717a6779742b4579477138716a684e6436486368484d6c724f0a397677503338502f32635a376e6a326c51394f79314a612f57702b6c44396a6c61314e5a547a49646e37304d79646556387665614d706971774c7542667a396a0a55587558565437486f314e61437846524762426b54446975325142624f6a4e7466766f7135533075736b7a4b51467a313679436e346d747362553674544344590a6a6941434e62336c54486830516669705241336d34797745506c64754d59633538686c54687772547377596c2f774669396573486f73725a304d4e39545646660a45576b35524d6d38433930744d6d3965794b2b764d6b704a444f42414c71545a5356593465496f4749766f5368527a6b33662b593959344d334d364c5742487a0a5865443336776e5a5a4556553264536f326f697346497a375965427454784a53644759696c5376644f3047747254494e31756558625834674b774c54547a53470a726544555763397366726d6c7444736e6a6b686c7848577261356e74486e2f614953726f4c676a766a554a6e6d7a37734c4d62555339396f4a666e45716749360a4842625a534f5a6e64776e464948726a57435a374e5949376439614b5a682b56554e566e535569763033764c4355693057544d3243384a746f51466472677a730a377145564c382f6976322f574553303272586a78416f494241514432784b6c79424576325249576f4b4b334f44697663484f596b4a63556c7a51555a6d4a6c6f0a6273436a6679345738586857715874455437726f564e6b386e5a426e394571344c42756c5962344e3358596b322b765459584a62476875306546726b34636c380a41496770766a7448734a6e3770426b55345243485a694a697263542f54562b776a477371424b706c4c524952446234637a37366e6a4973383158664759756a650a77494c62514c353377464774522f503242525553336c55356c4767706f63302b6e646a426f62556a5a50344e2f6d68494e794d4f386d4f716e34354e614833620a4d5170434c596773556f56727575357534475a7138576b637044394551373354346e3255686f37375a5a576b6e2b457961782b627a47645a36355a49363153310a6b2f654a5171704f4f2f614c72434f645a31466e747966777444315848516f6569696166563276563844724372465558416f4942415144784a38306c30392f490a6855784c516235584a6d4646424745467a544c4366486f783662775a4d4a594d3332797762793536543145615234675270356a7a4c2f45414f4a62574a4c69350a31576349464e4a387a42516b69797376524d395661587647344d70442f42457369687a6e634579736a436c454c6868775a49484734464534592f5a45443344620a785238796a36376368715576396e7a7653785534556465515942355833496a6f47422b427378747457334c31754a47736a7847707461496678766c6458395a6b0a47397236323862506b39626d6468496339674a2f6c5930665338425031594a357769422f3333502f472b34466d62717634416a2f39456a6374797656434149480a633055584749655a3173527676414961786255752f6562494877587649317733395775595368746b677452444e6562524f3030483164315738794862782b6f6f0a795745476e6f6a587a6c7070416f494241514333416f735951412b47434c4f4854775033655a4d566e326b6644645030674f527a597a5543756f4372774c71520a3057754a2b672b745465513051686b4b5632437465414f694b7a516c70794f6f624d49642b2b77647a48746644544857326875752b37544e2f696239726c4f510a69327a6e72332f616545416c3670303979646e3737596f324353334137387a6656466d397841396d6c7275797a777a45685278625353656a612b7167614a665a0a67417754457658665530325a764d492f2f63787963386b66307a6a6141652b7733456c2b5831732f6b3453777052733967792b71515142312b7879386a38415a0a2f756c735343706b6d492f636145576f4e44656e6a515850696e335146537364547531344e677078746669764e78792f463356526878592f78416b6c4277662f0a46594633664b61394b633635754b41715a3848475259636e747857467676502b716a637141567a70416f49424151444e5a5851436b776f5956516864564e71550a69646a7847734330573069766736766b4655736a50564767467a4151756a47673953754473596441576a6f5962793361585669446666566b4f6c47742f57596c0a367741412f4250464239743779514d6d7164453878465777564e5933665675673379524b734f515a336c44326e5a6f763646775a4c666d5842626344726f4e6c0a797279704e457a47313346306261696e6a475a72755364575879312b6e356c7474435566437076776d4536582b46376b702b6b2b55574665464b6558594664640a39334a6a4367393159556452655951674d726e5368577a433363676d676144666d4e394c483974303775466264366f5461325047357a497250452b4e5531517a0a67457742537557542f65374b336e435135484e2b63655361754d70796844502b6b4c76506e76704148543048766d7a75494e6b6d7734673651774d447930574d0a59584a35416f494241436e4577792f4c4f514c673161735744564333626748586d52656e416a5932556636546b4562395a643935794a7633336452496f6f67690a536b4c4f445a754d3759477071396b626f76556c7930586e324574564a49705876493844486144456c4a2b5a59547a77616e4c63416d5677754c2b71416f7a630a436d42473254583162674e76564158704a49353061474c51336b6d7a36423344796b4f6e2b3561726a74344950394a754a4a33624870714c70513645755859380a34336864666343637671414a2f497859556d435a585578514176733855364d3533784a4a696f57425265764343346b537051426c51366263794a7a75545565500a48516e6146506f564c7a6265477671485030433358743777634f525a484b622f3439584237332b663648386b4776344f70634d6871327337614448426a6d43500a6d2f313665484f6d766d41694e4d6c67522f49713739565257776b38786e513d0a2d2d2d2d2d454e442050524956415445204b45592d2d2d2d2d0a),
(26, 'sandhya', 'cb282719af10c31e4333aca533886f91', 'sandhya', '  ', 'adhikari', '2023-11-06', 'kavra', '9814956931', 'sandhya@gmail.com', '657326f1759be_photo_2023-12-08_20-06-18.jpg', '1', 0, '0', 0x2d2d2d2d2d424547494e205055424c4943204b45592d2d2d2d2d0a4d494943496a414e42676b71686b6947397730424151454641414f43416738414d49494343674b43416745417259517171582f49436836694f394344446f73360a41496a33545a6b4c694476537a7161616d3157357a313431397a4f4a425871616a4437442b6e6b414f3664316f79736357373047575a654f6b72756e786c64360a56796673616c496a3454676a426149696e2b7276732b32304b59574a43764362797a556e747a42756f74466f34394e61497769326f76354a47484367494b58460a4e76576f4649494e4a4d507868704c6b53754e6d6343535a707a4c37466330327374675471724331426f6244437a6e63534f4879614958734732354e7563336e0a784169493252735345394674664e4f2b344b3441527063477768444c76654b6156786841715576327a4664346f514e5457704771636a726f6d624730766b37710a79616d62583950372b547465525773332b4b625567663471514a686f344d6a49467578415768704c70466348706b6a647a4e553473797141593569314f41344e0a792b667154496b704e41484c3275322f75734b4235665073673535326469573149544b365a64665450657631424245354844334e4c64555368676579595156370a37675638396a746861656561346a4c5652723671514767777155576b66384175754e6e564272386b6f3143547255522b73326864797147497a6a4e506d2f4e300a356677364f347234387a53556362676c454c717a58427139306c4a2b793656614c422f5246695770494d74507263674e72706c326259355537616d4f547a7a6c0a663862346a7a7a54755547776538354837554949376b7343487a38616a636177324a4c76514359444f3474433471736a4230434a626552377447336c674852420a6c6835656f49596d77706848366d5954776b352f545a6a2f5433387343374c7479573668415a43524939642f76364c5a56395a6e46414c384b38345563477a780a335a4f437943487963422f667a4b4c39746c7a30445473434177454141513d3d0a2d2d2d2d2d454e44205055424c4943204b45592d2d2d2d2d0a, 0x2d2d2d2d2d424547494e2050524956415445204b45592d2d2d2d2d0a4d49494a517749424144414e42676b71686b69473977304241514546414153434353307767676b7041674541416f494341514374684371706638674b487149370a30494d4f697a6f416950644e6d5175494f394c4f7070716256626e50586a58334d346b466570714d50735036655141377033576a4b78786276515a5a6c3436530a75366647563370584a2b7871556950684f434d466f694b6636752b7a3762517068596b4b384a764c4e5365334d47366930576a6a30316f6a434c61692f6b6b590a634b416770635532396167556767306b772f47476b75524b34325a774a4a6d6e4d7673567a54617932424f71734c554768734d4c4f64784934664a6f686577620a626b32357a65664543496a5a477849543057313830373767726742476c776243454d75393470705847454370532f624d5633696841314e616b6170794f75695a0a7362532b5475724a715a7466302f76354f313546617a6634707453422f6970416d476a67794d675737454261476b756b5677656d534e334d3154697a4b6f426a0a6d4c55344467334c352b704d69536b304163766137622b36776f486c382b79446e6e5a324a6255684d72706c31394d39362f554545546b635063307431524b470a42374a684258767542587a324f324670353572694d74564776717041614443705261522f77433634326455477679536a554a4f745248367a6146334b6f596a4f0a4d302b623833546c2f446f3769766a7a4e4a52787543555175724e6347723353556e374c70566f73483945574a616b6779302b74794132756d585a746a6c54740a71593550504f562f78766950504e4f35516242377a6b667451676a75537749665078714e787244596b7539414a674d3769304c6971794d4851496c74354875300a6265574164454757486c3667686962436d4566715a685043546e394e6d5039506679774c7375334a627145426b4a456a31332b2f6f746c58316d6355417677720a7a685277625048646b344c4949664a7748392f4d6f7632325850514e4f77494441514142416f4943414574473233744e6847746666754b55513063372f3533620a7a65354d523053444c3647586864742b42573642594d677541335074444c39724f33716570417339537a764f7143376b677179376f34376b2b705342767747770a7746416638704479326237483646325966775741536e6a354263744a4e30326863656c3369596635635a666c5357574a6b6a4b4550784872536f7a6658662f4a0a383346794f6d474934472b5271706b53726f3559557044472f55636f45474c6d657948434a3862394541442b79534b5659365555394b6d78344f614b2f64462b0a496d434e37666e4c4563546c32426d425933303861434970527a724a3545754571676a49652f6d4b7554716852726730476334553448524e4e437962384341740a424d732b48454b304475487538676c64317a504f494761467548704d6f514851334e6f364c6a624e7976504a4350436b5545547157326a6142305361564545370a4b774f6e72646d664855335a33724e4b346775694c6441544d72443462706374304577667653634a615931484f6d7759384c3356384a6d3939386e5242546d2f0a3832754a334444447066494764493272484d50504230656c58737952744f5a33312b663235546755424a67424c4c653435582b4d4566352f506f4c47655347350a665a7256685833387335326649746e5758756377664e5743526c5a364b657770326c563979766a69563476446e55616e443039615637387842594b6b7151445a0a384e4a3953664b464a3339566274644b2b34434e494a4c39645967736a364178727053516e4141493235454d6f5a534d695a7663653179353232614742554c770a4a614e52694b31456d61312f4a4275505756376e307a2b797a42685a37437736686c31316c46565935556444353343487a7463744a34334c457736534f4e6d540a697166694c344645684d356b417851747a616d42416f494241514455666e636d4e7262576b7a492f384c69574777474e3472364a624964576d47414931374c4e0a44504f3765367a754251412f46716b4b354c756774726141487266487534637534394455584741444b48707130645151684b6e534f72436663486a326b43586e0a31436f567958393773704a6b67495868594e657844557a50576a47736341466e6935514b7639366438765855702b6e5056574e68512b41486e3563726d526e770a516b696666467474624c4172553849344f37614f6763444f6874787358635832384e4b67504b4e6c5667494d743076326f785449326b3545646e3145627273420a427358493834586e70634f7a356f4a4b786a46635a73494f5764354b4e775a7a444e663943466353394976536e69713963537a2b72797a474c536e58347736310a6f794562704e37327a4c706532314e493051615278395875564459317452724b516f6c43447953423778637842307550416f4942415144524372376a63426d6d0a43334e506e316c6a72493964425731376c6a5a7a78384c4832766c394537775668325834447a4d44794a77525843364a2b674c6c646e68527a6b7648494841450a78776436474b6f4c4a4d6c4e446a42526742385544576b65666c78314f356635324f6935367063596f6d6f7859444a497153626e44765966393546706c5437660a6e35784d4c6d7732454b6561646c702b5469566867634f5972683975545733676567554a4a75464b577162746364394b3165787070364467327a627342656a780a6d7631324e786b345561796632614d76756a662f6f766e446f75555a4268732b5930784551677358396b48573375745372726162476a51625070376f667143560a49706d56685548566354634542487968684234645173304e62544f5464565466363079692f43626f376435777454514d35525254437239514f544233354157450a416c55527866433044443256416f49424144454d3445515a3753717133376153776f6b6a777341567a7857357a3650566d4a5678395077514f564c56775a31500a326a61313746397658554244374f79324b6f595961365150516d31437859623147517a2f556f78646b7a584d426d6c48645353314d59724b46737a67726d54480a57374f485632416e45714c30427637324f764572436166314f4438692b79684b70535270666a633135724c5645436d795652726a5248474a57326f314d6f57580a79544b334b755941497176536c386355716c7a35614845514e673532384f4337636332746f674e5573622b4c5a5057347845472f726273573753447431634d620a4b496d6d632f7a2b737659355969496437496f464761414648765a78726d665a75307a7135634c464654585643656a564641755a68684f336a4454745965706d0a5a3737747364506c4c44634b67663935774f6d3033484a44325a732b4535644b735866487a3145436767454241496546352b756271595530747a56506f6177310a47317937514264336379587378434b396e4447797361566a656f41766d6d744269367a566a6e5a31563574634376552b51584a2f585341377947556e794659680a4b304342696d484d4a6c6e6874397a46487a7742767132454b7030647359655042446d756d2b72766677456465674f506850356d6537534f7a633231367748430a476d625268436d4f6b44312b32306749327565763279524539793750766739755a667061634f4562663447663433546a71642b716c544c4e774c543755365a6e0a6a5071314a6b3679383873503563306e746b396133683638555a325045354964584f486f3837644f2f61506767526549715930685377706b764231726e7871350a6f326b2f583231334d65375765416e55576a4f6e5262644633524674562b7837436c4d58707638564a5041526236616137516c4e45795a61504c7968443051720a4332454367674542414d7a35786f6b4c3577626b57564f4b6a7673526169724a653978746f574d327a6c7a616645683530505565795858467734364a736272740a7a684d2f333579616f455331687877597776416e536e555472594e367739756e4b5438574e41437236426c376a6c4d3568626d57495a7767487066545757486d0a69383469434c6270483237436e6c7a6473632b6451686942483537714e6e726a41564a5a676b4f4f6462503579536462735a717158562f51625a794e504c6f670a4269786f69784277437658436a6d5a344c41712b685a4e516b7549376d6a6f614c496e4639436b595853547453432f6a32676b4d6e566657594653323041306b0a693638596a54547a79302f74613846677a37426154656879794247757848755031314172574a75542f57655857676b31494b523964482f4448762f42305037410a4b482b794575576b35394c4a39514e48774a344f726c394177716d6a746e633d0a2d2d2d2d2d454e442050524956415445204b45592d2d2d2d2d0a),
(28, 'pankaj', '4f427e3f851712a3572d9c490dd623a5', 'pankaj', '', 'siwakoti', '2023-11-28', 'ktm', '9888888888', 'pankaj@gmail.com', '656aa73e875a9_1644314968_pankaj_shiwakoti.jpg', '1', 0, '0', 0x2d2d2d2d2d424547494e205055424c4943204b45592d2d2d2d2d0a4d494943496a414e42676b71686b6947397730424151454641414f43416738414d49494343674b434167454172735a396531714972733773544b61436175744a0a2f4f6a44345676375a6f5443517659766d59427670643863453979653364372b434e6766306d6537544d6c4c36784d464b774a414b6444465849705739796a2f0a7362683967462f3575773271517a476f784d6b422b333559756841305a2b714c42634c3343476878796176774c7568724f37704756332b39724954582b72374e0a6e78502f7a2f585358666d7a6c75345a7a4170756839524c5247414f5a7762544c65423178652f4b783369754d456c6a4c4768317278494e7442664d484a4a5a0a4971694379642b55676f75724b54386d31413174775a7256544154373849783151387073424578526d576f6639624b38614f5a6532644163372b503545455a670a7555444f31432f486572714331394454515831656a6461725956357764376d736d4368526e466d50466f414245796f383578774536547239585a3530586a61710a62556e79706c49774b79696c4948312f626d7a433167736d55316b72436c2b62726b3530765977447958676a45307756744b74436d736a5a786670704e6b31720a4d433163716e68392f4d4d4b65463769364f69427936544a4b783638387a7259752b76684d34503033453276626679484e52616b64386348734f616c386235640a394c632b4d44325958553455644832454d39466e44464d69583652573971636e694356497039337466627034354c6641393172486c65796e346355626179686e0a364865644f7a69385241595a63666e63324f495330676e4b76306948636a624f54503565666e62384f64664a64377a2b2f57666a736879472f585a44356d64310a4b6d4d436b3977796c594a5a54506151645831766b6976624b5739615a574b6f77305a5454346e364d45466a68372f5a7353357278435653326434724f74676b0a77354d54674c5a4d4346535a6464347956694545696745434177454141513d3d0a2d2d2d2d2d454e44205055424c4943204b45592d2d2d2d2d0a, 0x2d2d2d2d2d424547494e2050524956415445204b45592d2d2d2d2d0a4d49494a516749424144414e42676b71686b69473977304241514546414153434353777767676b6f41674541416f494341514375786e3137576f69757a75784d0a706f4a7136306e38364d5068572f746d684d4a4339692b5a67472b6c33787754334a37643376344932422f535a37744d7955767245775572416b4170304d56630a696c62334b502b7875483241582f6d37446170444d616a4579514837666c69364544526e366f7346777663496148484a712f417536477337756b5a58663732730a684e663676733266452f2f5039644a642b624f5737686e4d436d3648314574455941356e42744d743448584637387248654b347753574d7361485776456732300a463877636b6c6b6971494c4a333553436936737050796255445733426d74564d425076776a485644796d77455446475a61682f317372786f356c375a30427a760a342f6b51526d4335514d37554c386436756f4c58304e4e426656364e31717468586e4233756179594b46476357593857674145544b6a7a6e484154704f7631640a6e6e52654e71707453664b6d556a41724b4b556766583975624d4c5743795a545753734b58357575546e53396a41504a65434d545442573071304b61794e6e460a2b6d6b32545773774c567971654833387777703458754c6f3649484c704d6b7248727a7a4f746937362b457a672f5463546139742f49633146715233787765770a35715878766c3330747a3477505a6864546852306659517a3057634d55794a6670466232707965494a55696e33653139756e6a6b7438443357736556374b66680a785274724b47666f643530374f4c784542686c782b647a5934684c534363712f534964794e73354d2f6c352b6476773531386c33765037395a2b4f79484962390a646b506d5a33557159774b5433444b56676c6c4d3970423166572b534b3973706231706c59716a44526c4e5069666f7751574f4876396d784c6d76454a564c5a0a33697336324354446b784f41746b7749564a6c31336a4a574951534b4151494441514142416f4943414168502f6e585964336e41383749746c5452616e6e6b390a354e736145646e745a49506b79357a455a4173436b6f5a4c547538456852614d6d4f376236696562783157563451414c716c7553783242415943522f4f62494e0a4d554c697a6244633149552f6e6d52466e7965442b6470586e505a3454455a6f3448447737734346776657704c6a683441704a30792b4f687164674f4c5239730a787854762f794a6a4675794e78494a55324b377a4a4f564b6f4553384b5630634f4e33434b755854306f30505948306a4e72327434534c346f736556476c49770a71342f495a33725341384542644f704f2f544a684639583277726a4e4a574b6c425141725652497a33764e446e6678725149576868553750692b2f2f4f4f68320a735a2b623669506e4c5150777461742b742f6d4e42546572557a514f6936767339767931736232444e776e6654326736682b314431667357357a6633353645590a354e654339386d4255537265592b6645312f2f514d695451676e34367943793773714e4b456252516242417a443332496a56483941535a4a33526a794c647a300a5a5149302f2f4642633750374c7a385544573450764f626156645a6935757045527176616a3871727a4d796a7268744a49656e792f717735575a6167634948770a696c756b664f5172413430333670626655664250322b6932775a7a3569563032594472526a3855376563645041424c52347869734d7936774c51694d4970536e0a53537a52656353364470776f73756531347032737a71703677706770583039792f6c42333759646a53387265513632704454356a2f6e74512f6a6b4c737556620a7668724e51436b5438614a6c5070664a6366506f2f682b716b6a4b436664593162597a656c31524e747459672b587256537531572f674f4866556d6f4c48534d0a32486357657a30574e5a66474978596f6c6d6646416f49424151446742596a314772725265334c594d7530736d2b64665942546b7a7954684b544f357472457a0a5a4f753379547750614e4e6d7146375a4445794a79436e4b7555726f4b413070327078664a4f382f35726b7864636f3574584372716e6d434d7a44343969376f0a484e7a377a76676832653141426c514c4a554a75636b4b667370567369646c755a632b636c3833353248456542556e665957344779397a782b2f4b52564f4e510a7841496c4469684271714d2f697373677251564559315646434a57595159324c75434e53675a7a4f47545457624c5153324b39306630795539547a2f79634b720a3248447276656f41346a575159556479304e4b6e55494f6e6c5a394134766f344a506b4b5645772b7273465a545149586b6d62525769456167464643784938480a6c57476577643564497278636b3461712b742b69562b4259477372766f64776d2f346d533256436f78636e787a354172416f49424151444875566265307a50330a562f774978764b78626347367a736a665758513274746e63306e2f74634f7947515079446c45597a334350746b755131544b4a314b4c6f68653179426475784f0a7975504e5644566267785846315948586f41492b5033446c3355716c6b48465a6f2f6e3259436e43554b3864304a6465574b554439302f44353333416338734e0a616566614158435438515a6a3932356d4642326a504f383045655444652b425756777270385135686a442b50796c546756334466365a44355530726d33716a6a0a53486f6c4d4550345a314c535870314e766964784778776638663766775450657561674442792f4350743648655569414a4c3471757236546c755146693331710a507374732b7455386a4a42556764356d2f436451774e4a55754e78422f4d4738764d634d3171796c575973592f594a645249525a5136593873703043467842570a524c52335463353967307944416f4942414830444762614e7741722b644d777050796c527077415751684b646464736766766a33396c4c54307161773659382f0a31426a4a68495269314b4e6579394f524b7a663667623446664a577271736469485a35344f4f32545474693950536c6e4838454f77495a4f39524b67494e2f6a0a4750354e6963446566662f6353306d4c41732b61375863703458316c535642506448426f5378305935616c74516c4c58596a6d767756706b787a3265644f43510a4e4b465539703235622b4d462b364f57637353516345697a375349787169746f37593972416549796756626c5976734e44346b2b4d6942726e44677874732f660a624479787a496c4a39775066626c6971716b4176616172444679616f6642504f755a3733316c384a4638396b4747304e686b7459484f6b4364344e3864485a4d0a3241686857786b322f6d3039314c6656323846313963446467517774735645396273412b4d426b436767454157614951486f6869746772436a5a3362705531410a75486d394a4a2b637a4546626e514c4c62754254426831384e674542554a7a6e63754f4e6a32344a4b744e5156563572735a36526876722f4b564d31627842780a5951766b3763526476566e7a62505858586c356f7748596135447463416c7a37656b4832374e79546b6967586f432f762b384c3779645652764545524b5250750a626b624a51503665486e686d556451462b73564a6450597a61374a485a6666765072547253704e7a6b4d6e64796b646251696d4457683159302f2f4a515633390a69585030334d4d4f4b48436d4f702f385a71627168486146744859784e4e664b507270726b7a62714d587346744737766670325064334d66454a5778785337410a52327a5252783636396a37544a6a716766757a5564634f7a4155774778313563557162544c74426c4a547037444a714d5a4465396d546e55564161544f546b480a79514b4341514541764647712b49414b397632485a504c46497a4f35346a7a6f4964386b4646335463484a57422f554c57574a6d6f4a354e4639644b79516c620a4f34357a73732f5a5753437632584e335876504261536e7757306236727a78794b5350685730702f58714146584d6b446a5a5676726c77455141486c71756b430a4643746643634a6b4d73354638376a65395939356c7350614c544e74472b354358687569394d6f4c47672f307943373542677434674b614a7a48586f73756e390a786b66495338624451307a3838344d7a6f43643172614b584d46344a6e7446623935734d65744a316c566673424942366f684b5174432f3058494a64486371480a656b474c4632395271665261782b50554d5a46574379475a75634e704d362b4733676f3970526e41426a4878314d6231665a595641665748446b6d384368757a0a62564c74326e6348325143436d2b43364e68322f6f6f544f38442b6e64773d3d0a2d2d2d2d2d454e442050524956415445204b45592d2d2d2d2d0a),
(31, 'hello', '5d41402abc4b2a76b9719d911017c592', 'Test', '', 'Lol', '2023-12-05', 'Nepal', '9897566666', 'a@gma.ca', '65718b6f4f501_pink_cosmos_flowers-wide-944295230.jpg', '1', 0, '1', 0x2d2d2d2d2d424547494e205055424c4943204b45592d2d2d2d2d0a4d494943496a414e42676b71686b6947397730424151454641414f43416738414d49494343674b43416745417854636144446f686970547453704e6f54774e450a4e704b4b714732445a7346456c536a6557316a54334253664f486d4a4d686c6f764e47325832766f594b497971537844456a3050545359747a4862576541416a0a696744706131534153587a37304f4e76315767697550397747615a59526f5366423347324f783138616b6f39664145776d787367503368374359572f7a7a542f0a65392f67383741554d4c526b47354f4159346c576a57754956394e7162566436686f6c726946727462357577343131505a4e6d56756b74485a314346773733430a6465637855536c6230386f66354333543856687438316861534359584231636c67696a65453041363378545557526f32346d59444e4c43577a646278584346650a4667706a59762f48336e4948736370736f635962447836375361564a6a42414b764859766b58317857457831516e5338773136547547775954696b416e6534510a4f626c634e656c5346327471386f716e676e4646346b70507a466e364c65715056426f5162314366504b32513271674c746158635257556371456879523363620a646a566e704174385a42737963347735635979694d6c77362f7878627941566434376e6c7374644469356834396a53315258427751517958766d78567a6e70680a6b356658312f512b45713746794a4b414267477a302f4a325a2b396d336147316d716c706a5534326c794b4757595a39614e565061373579655a596b4d2b73580a595764456b787538676438712b3156664b3446714848727041385567396e4d795a7a473032657370773750347245435a6237667244514f6c6579636a396730630a753054784a567530615934305546466a7759704d53443873454263315459786d7369373961517474526247556f59397470526471693663684c597a503178324d0a6f2b5535707a387530637864697259454832334e314e45434177454141513d3d0a2d2d2d2d2d454e44205055424c4943204b45592d2d2d2d2d0a, 0x2d2d2d2d2d424547494e2050524956415445204b45592d2d2d2d2d0a4d49494a524149424144414e42676b71686b69473977304241514546414153434353347767676b7141674541416f4943415144464e786f4d4f69474b6c4f314b0a6b326850413051326b6f716f62594e6d775553564b4e3562574e5063464a383465596b794757693830625a66612b68676f6a4b704c454d535051394e4a69334d0a64745a3441434f4b414f6c725649424a6650765134322f5661434b342f33415a706c6847684a38486362593748587871536a3138415443624779412f6548734a0a68622f504e503937332b447a73425177744751626b34426a6956614e61346858303270745633714769577549577531766d37446a5855396b325a57365330646e0a5549584476634a31357a46524b56765479682f6b4c6450785747337a574670494a686348567957434b4e345451447266464e525a476a62695a674d30734a624e0a3176466349563457436d4e692f38666563676578796d7968786873504872744a70556d4d4541713864692b526658465954485643644c7a4458704f346242684f0a4b514364376841357556773136564958613272796971654363555869536b2f4d57666f74366f395547684276554a3838725a446171417531706478465a52796f0a53484a48647874324e57656b4333786b477a4a7a6a446c786a4b49795844722f484676494256336a7565577931304f4c6d486a324e4c564663484242444a652b0a6246584f656d47546c39665839443453727358496b6f414741625054386e5a6e373262646f62576171576d4e546a6158496f5a5a686e316f31553972766e4a350a6c69517a367864685a30535447377942337972375656387267576f6365756b4478534432637a4a6e4d62545a36796e44732f6973514a6c76742b734e413656370a4a795032445279375250456c573752706a6a525155575042696b784950797751467a564e6a4761794c76317043323146735a53686a32326c4632714c707945740a6a4d2f584859796a35546d6e507937527a46324b74675166626333553051494441514142416f49434141754674614c6a507052764d524837584d764a41424a450a4b342b396e6b4442702f556a42794c464a4e4f6c374d754b356b596b442b65415253783844483667323137673943593770516f3334644d68576c5232685a304a0a67706d2f76534d4f4231526b42574f746975484f49736d4d32336c3752434e574e4852747535676d4d454e76656c79466b44504649554d6b4b6c6d37326656740a31694847747464466f7465746e59477a5133684e775243496a4a35497a794c5049705937346356306a6a6771656e6f453847654c414766373332545a554751390a4672654d4f41342b722f425038534d5872497a634b36497466346a7851594c43536e394c6347556150584862517a756c42436a753746436f627a2b58763379410a4c4f42613231325777665a55516c614e5559566e6f542b6a525a484757696f36715872526e6d3676514f6161465846417446624245675a33424d3831576f4d360a6a4875462b4348374c48655952326a6b74727365334f39476b5575714f553468374b4462534f33574f70453856314a58417936656d2b704665376c71656778480a322b303641742b51576f654e4e56384553327344475555347461325238354934787046672b3641357950372f4b4a522f6262743866305a3179674657532f53430a5637412b4439526c514878524d425231665771416f34533438396d73764a596871316f61455469304a39496e4343644f736c376b754c6f644d2f76434d496b460a77464e5741336c75704c7a726a54463451614c3747726d4b524b503956317770694c784732384a6e6431377538745243517a74654239354d786f7869336e6a570a6d4c46466a497a574931356c4a4252696267564b6a4a52324c623268344d2f6b767637455073476d4556366c61645a327a6f3132416d39726a664353547379690a627976555a67666f6a6b4f6c41363759364d5142416f4942415144773350544b39634c6550596366514c6d536a66614c6b6b5a7258596e6e734c4c67673177780a3059554c72342f714d497761643478372b655456396b555941756569634859424270306c62634b7654432b49314b4b654f3354314757633044707259513873710a72704f4b366e44577174424d487744307934546e6d6c525a534e532b5950395974726a7249457156375873796242354b4a384d66565432516f59355235666f500a594470445034323450567938456f417758434d396b68794e6638457a4f454e735072526d4e7064554f6b31795a6a71752f2b307a5555312f4e2f336a776d34640a676d3344672f6d466d7647436c384b4167304d6c484636497035474b644c652f66345754736e6c6a724d4967323650746e394b71334d2b776e6b337a643435430a5a6e6844435268416149586f41745933706256786a4e4655524f756274453374456170522b50683571464c4e32674f52416f4942415144526d2b3645766c6b430a72795055316969725a583774566a664f34675966306a7934757a697a54316a69504d6f74384b556b6d506152596447594d5658644b4e4857386b736732644e510a53623634584574556d76384779624b4a6577346a69537762386d525437586d70327a6a4e37454b3637766c3573613952664f4f746e4f2f6e536d6e462b70566c0a63344c5366666b3471432b386f5854365350456758784a6f71676976384a596b2b587a4b424956536a70545663306635354a6a4b6e6b776b74747856484b43380a69584a634545595056364f7a33486e4a6f43786c763165472b3978615569514d534b334339314e48656c787070527268726a455145536d6f4d734a657870325a0a4136523777626f4c7670332b363348396168614663477669526b345a6653594832594d612b4e502b5649436c6b396637574b30646f5746734f3768722f3143660a6e77384b6d42315a6b353142416f494241514445715552654b7765752b634848374d73594e44316e66456c7642484c43372b30396a30504a6b5737324f6152680a374c32594a714258345a504d64305732387a67353032556d4e555939397a364d62734970454b5375575a4748526653543970444c6e3537552f4c47504c5268770a7a6774412b396547434634393143366d722b6130677649366477624a52425a6945414d56436c34343466705a4c506f56697a4e752f7a324c4c47436c3439424d0a374230356d6b6c384d7436374f502b444d527149505a6f66575a746d455a44427674445a5a55726f394347795575485a7939664c4455646e5a4d5647624131680a337a37754341645263747479413558554d69324e52507436716835676c387178626138627350704a334d4c667132635171464378523536703749796f2f3159440a304e503075637736703178636d454f61634b4f4841464c5944434a7178385070595677716f365668416f494241514350352b42506e6d6435346b6856585671360a6f596f4d343736592b4c422f7446556639746d7373584d796a383232304a70776a39766f59434948765164594f53676e7a4630734271422f5a4d48647a4f2b690a2f47374f65446474442b4462494e6635722b61566746716739504d413359334b7a54725741396c37747153526b30645a6f63735173304e5354595770676664530a6f4a56316964764834634136473075474e41615731445167326e43454f6170577a62443941704b4e7a4258694e642f4d37515a45494d317834324e794e5849450a496f5576664e5459536e46777758635549324a625744324c65584a69676d375969666463534a4132464f4e32526e4931476651384956776471315348367138530a56534966334146386e424d754e637137704d30467a746748563577644c6d784e466a4c6b6571597a312b4f796a684e577659475745386d456253316b647037660a32757142416f49424151445a37335562334553434c71396f7431454e7a79516f4e6f4d5644744c3042686469544c4f355370476869314a6a766b6d35734f31770a70347762664d656f655177614867384c4e4c362f6672754a4747714658496b334c6f4f4772336f6f59323355356d4435655a454348675a72524b69416772764a0a74717a7567537072306f354f706c4951325471583576387070554f2b6d57795539304c3836594b357a517870372f79454c6d67633667367667434472566e56700a767757596173774a4954567072536e616c2f546a2f70534d4d436c437151757936352f6f652f4d65517555754147546954772f4f52457a4f51417562536633790a584455592f634d73384745442b51367352556a312f526d514a2b3531314a394f6b332f55704b416f742f2b4f6c456f704a666c44677751306b3974667348546c0a686271584b49474a69486554555855536473346d6274544a775a67327a6b54610a2d2d2d2d2d454e442050524956415445204b45592d2d2d2d2d0a);
INSERT INTO `users` (`id`, `username`, `password`, `firstname`, `middlename`, `lastname`, `dob`, `address`, `phone`, `email`, `profile`, `approved_status`, `admin_flag`, `online_status`, `public_key`, `private_key`) VALUES
(32, 'raju', '03c017f682085142f3b60f56673e22dc', 'Raju', 'Bans ', 'Acharya', '1998-06-10', 'Nepal', '9875230216', 'raju@gmail.com', '65728939ecf11_1644315125_raju_bans_acharya.jpg', '1', 0, '0', 0x2d2d2d2d2d424547494e205055424c4943204b45592d2d2d2d2d0a4d494943496a414e42676b71686b6947397730424151454641414f43416738414d49494343674b434167454137762b57716f5848615a763033414f64366c39360a436d4f445a4e3547644b6337303567446b507245524c30343171473133366c4b35744f7733324254645a4569705a454230357875527934474b625854474a56530a75426772496b4764533942536f3172477836734d717a6b49503446414a326e74456a6b745a45464450566953784278356532686d414744644f505561517358690a62576c5542487071364d687a346b32476d756e42466977533059576f4c6444327738597032394c2f71355855614b686d464856756e6830636a4e7774456c34630a76696f6f332f767737564265494a616f674a735a4a654c426750645867526134444f4e2b5147584e73766a4f424375335342347661646d755a3259454c4a75680a7533434166514541633844726d314c6b356d424a32754763547978394e706370314162463566394b553049445674796f614e504c6f37366e41495552563077420a2f6b687562683732646752436d6847734e2f73564f7464653947716558776c49367978565565345a79774d756f2b745a484e777a432f31766d692b46507861530a6c63564a702b6258693371516965426270457356755a776638486c7a51456a3130306f734e70545738645047396171395554507a6f2f633930426945453364430a634d5a764c2b51786169514d35413050304c375369666f5858444f592b3248452b346b4662566338514c33385a513036712f645a625157412f695931654249470a75356b527768364a4e52554a6354597254714661575a767473382f75353270777a516136416338442f4771654e463374354a4f5436703657483943736a66504a0a2b617064717a6c384b4c352f2f687170334b6b5054436c61686e6d466b616373307137354137697678473250743762454779534e7a577a584f783644485971550a596859792f6f59626b6f3157554a724146476b754c536b434177454141513d3d0a2d2d2d2d2d454e44205055424c4943204b45592d2d2d2d2d0a, 0x2d2d2d2d2d424547494e2050524956415445204b45592d2d2d2d2d0a4d49494a515149424144414e42676b71686b69473977304241514546414153434353737767676b6e41674541416f4943415144752f356171686364706d2f54630a4135337158336f4b59344e6b336b5a30707a76546d414f512b73524576546a576f6258667155726d3037446659464e316b534b6c6b5148546e4735484c6759700a74644d596c564b3447437369515a314c30464b6a57736248717779724f51672f6755416e616530534f53316b51554d39574a4c4548486c3761475941594e30340a3952704378654a7461565145656d726f7948506954596161366345574c424c52686167743050624478696e6230762b726c64526f71475955645736654852794d0a334330535868792b4b696a662b2f4474554634676c7169416d786b6c34734741393165424672674d343335415a6332792b4d34454b376449486939703261356e0a5a6751736d364737634942394151427a774f75625575546d59456e61345a78504c4830326c796e554273586c2f30705451674e57334b686f3038756a767163410a685246585441482b5347357548765a3242454b61456177332b785536313137306170356643556a724c46565237686e4c4179366a36316b6333444d4c2f572b610a4c34552f46704b5678556d6e3574654c6570434a3446756b537857356e422f7765584e4153505854536977326c4e627830386231717231524d2f4f6a397a33510a4749515464304a77786d3876354446714a417a6b44512f5176744b4a2b6864634d356a375963543769515674567a78417666786c4454717239316c744259442b0a4a6a5634456761376d524843486f6b3146516c784e69744f6f56705a6d2b327a7a2b376e616e444e42726f427a775038617034305865336b6b3550716e7059660a304b794e38386e35716c32724f58776f766e2f2b47716e637151394d4b5671476559575270797a5372766b44754b2f4562592b33747351624a49334e624e63370a486f4d6469705269466a4c2b686875536a565a516d734155615334744b51494441514142416f49434146784c7a67614b5a556b756c6a414649593371557a6f420a316a4d303936614445734b544751563749694b647048365773714c75514f504661712f4a426c49487534614f366c4b72505a63316565485075766271613668320a684f6e557877634a4b334330564d47314638356a3177435854497773427761626d4344345a787767775955457268467662727a4571346f6364596a46334c782b0a435a6b3149575a4753794a6736424f5a4a423049356a654e307a586d566657693648566846615651316c6559654e7437776a31445a73777246796a5a755758690a3643676670706f764344717a6b3930656947617548435a4f33726357612f746d4f314a70506a6659683837716876784e302b65667a67395751565273776465650a436243386d303059657152674c632b6437636565697675305a614b59572b6e71743741726c36747865644b6f6f6b7a6852656f3162553778464a4a4f347846750a476b7952684f6e6f644d2b686f416f6d564d7576664b7239334b3070793977486c33336a4d7646366a76776d6c52745378383341307268334551655470516f4f0a7561655274467752363230334f366e632b7955746a674d5a4d61322b37506b4e3462637659334b39726f6d447963576262626a5050477761594e6b38565373740a7035755a564164615a6e666e5072386236544557672b4351746a414432355262527043704c4c2f52354f386b374758433379426d47677430316943706c37446e0a796a6332554d754c725235512b745445573449664e376c754a316a436f562b5a55716a666d4d677a45502f41644572636669692f5639356f2b4d5073475135610a58483273564a506461424b4a75644e4c584b453065432b6b6b397845464a6e6379416e634f3964674b73507933634e76584d4d32364a426b3373376f585769750a45766e5758367a54324c34645353447077794231416f49424151443767636d667937584b77305667724b6b424d38615a7374452b7147746866495a63724636480a365647526d5a4e6b59777a304b70596f47577258723261434f486b656143424e4831694d745262776f7a6c462b702f544644344c494d74487a5762332f30594c0a707530704c596a434b45736557366a6e30513876412b38656e43715674774d6f6338337163546e53596d4d50684d64612f6938364666494b4b35356e68762b390a35325a4c726c3047394653517669582f4c3862466e414e625a4c4a47434f514b377249694d684b3247584439676b2f536a6c5757553644644e674f4c747958780a62635551356c72324c4952474d64426f724b4461634c64315a6d716168486b71334553784d32773238584e302b517443716d6576317561496c326358343371440a53397853563372507a4c4866374a56746577334f78774e564e4f613258454b706870312f6e73324b522b496b332f3862416f49424151447a524a6837593653770a47533344755851774750634476596643672f537068496e72494946475a6c4857705836466c394a6a596b6b3454704e5869586975784236796a6e7555697066410a6e6a596d475966756f567277587530795a7a6c452b30392b716435344d434451714c396b6c436a3163656650317665767a694869387044343364376d4e5156540a542b466d4d68557a30536e344845705037383439616c3451474d32327a2f343870626537746a64644b36416c4f2f67656c5573703964717436416a454f7a4d510a32786475637242644339396c77774f6f49415073727539644f7554544b5761396e4a645a6b742f617461456a71795a54626d3865754c346330554644416578590a72544c6d334d6a422f61432f3663344b316f433330374c6a424b324d6868476a617076386d76554f536b4f3558647a327579544a65536e564a2b4d663349794d0a36735055693847333878554c416f4942414776742b6e52556d794c30515757484d732b4e52494459742b72486f36306d48784c4e395a4d6c6b526547624458380a4f3662635436764e6e49674b675663496e5246725a6445797a6e457a6c5443584778446f79495677666c2b514a7977632f5438586b5275572b746463377639440a41316c337844675841776b4f43794e37714e7175757641314966796c736b6153616968537471705a776a4b5045467445394b6c417961625a45704550746d51780a6e6369766b4f613976664d3354456d414950446c4239655a4c32423156497049794c424270376558315371356f4b4c4e6479415237487036764d4c50312b456b0a6f573775475a32523130566d635a517a367a4e372f664e6971796651425852656b556c31526c764a664d31387a316c326634744531324a597636656d577447700a3666744b4c365858314d6b54706c352b59544f497a434b7233684c534e79704d5273504554466b43676745414b416c6f4678616c4b6835617539577632364b670a4e4d7469706f375647336b6d7762334e794f70614762755041536d6c684a6e4f6479666e64416136422f6c62484150374c73314967486b4a62476654535744670a2b4b4b47347a363933433649504d3530514d2b613976787530337a57364e3567536f4b5572536839787a346f77657979484b30705054627558385671572b62570a773344556769647a69415154697736702f4b5a717230794f32715034704b726a5a6e31694c705a666b6e3557435430684244724341736f734a773956473173790a3379716a5657342f647871725a6d716b386d506a39747a6f772b4d3657474b414c4d436b52434c757774326733466c4d4a6c305171742b476578786e4a6859350a2b4a7667503052695674374f6d444a533563664336325247572b4b63356b6375736a6c53666f44365976592f2f6b6263534967683061647070336541344764760a56514b434151422b4244413974774443614d64494845497a684c535332554f453350705956504e6f43592b6f536b5a6f48395674304e6b427233496e7a5356640a5470533041474d4a445a494d752f61785157434c59433342666232644645655562354d4548585044552f7972307a32517542626167704c334b6d6e6a4a772b630a683970546170372f69787952666f576c63326b4341744c5650372b79757a654e436b5338657748463742774c394a344d6b5065486c59594642584755377452490a716a50394b35373169586346707a2b3736786e6b5351777a7567444368334c37333536464e58735676584478396e3230644d6c64732f57746551695472685a2b0a4b4f6834383379316633494a6e375659365779674d334833374f4373484531456f4c695157397363784677695a694539564d4b5343594d6b726834554676436c0a4c6b5367493745626f773749384a355a667a4453496231506c4e5a470a2d2d2d2d2d454e442050524956415445204b45592d2d2d2d2d0a),
(33, 'rajan', 'f6565efd42846497a538b4d08a84bca8', 'Rajan', '', 'Shrestha', '2023-12-06', 'Nepal', '9874512036', 'rajan@gmail.com', '6573bd26eec78_1644315985_22d1d6e0458affe1750be26e2b6192f9.jpg', '1', 0, '0', 0x2d2d2d2d2d424547494e205055424c4943204b45592d2d2d2d2d0a4d494943496a414e42676b71686b6947397730424151454641414f43416738414d49494343674b4341674541734c733277713032436f6846623247675a3055500a773333506d717a6d5a713571572f434e6a65467a37457054727077784273594c305a686d474e47505041516333656f71436b55327543525477345444536d74410a6a75316b574d64797276763737716748537767376c4c4b7a754149756e4735516566357956712f6d6f5070742b6a544e69387463534f38457835304d6d672f6f0a5538715433772f396867314147333751364a7a7969356238434358574f4f465457544675366a69643567706141432f5666366b7334444357413354707a4e584c0a784269366456724958477055505a5138526c7375793955644e664953416a7a52684f6b5770436a703477672f6c4d4e2f4c7932575051483247544c42757833420a464b31436253646d4b516450336d6143517375713344516f6b5938562f70306a77456458574e7977686b6f66676d6f537741414c554134384e3855316e324a790a7653597969344435447049514d3051666943583342354f4851424138746c6f346238737971704167704c5875616777685050594431502f3477585748736e79610a4f354b384d38324e6247635354336379456b615463784f6a3761573749677045717843502f514c35764f6746685a677739675651764d2f6656394a4a557747580a49694f2b4c74696744694e6b4f38304e685066686e38584977474f686857706c50694953413135386b666c5251523670584a696a686f536c52563359777261620a3562794f646d674f697a725577752b41776646776d457947785a6f6c2b614f52467a7273312b7a5676343639634a6e744d564a47745641336f305277692b44310a51767a53774d3864705470586351524874754343346d6d4356684a426e72656c73674c49687644324e72456466523663415167625a4756316a364678632b39780a5a31432b774f6e6842616c6c496a4856587770696f4538434177454141513d3d0a2d2d2d2d2d454e44205055424c4943204b45592d2d2d2d2d0a, 0x2d2d2d2d2d424547494e2050524956415445204b45592d2d2d2d2d0a4d49494a516749424144414e42676b71686b69473977304241514546414153434353777767676b6f41674541416f494341514377757a62437254594b694556760a5961426e52512f4466632b61724f5a6d726d70623849324e34585073536c4f756e444547786776526d4759593059383842427a6436696f4b525461344a4650440a684d4e4b6130434f3757525978334b752b2f76757141644c4344755573724f3441693663626c42352f6e4a57722b61672b6d33364e4d324c79317849377754480a6e517961442b685479705066442f3247445541626674446f6e504b4c6c7677494a64593434564e5a4d5737714f4a336d436c6f414c39562f71537a674d4a59440a644f6e4d31637645474c703157736863616c51396c4478475779374c3152303138684943504e47453652616b4b4f6e6a43442b55773338764c5a59394166595a0a4d7347374863455572554a744a32597042302f655a6f4a43793672634e4369526a78582b6e53504152316459334c434753682b4361684c4141417451446a77330a78545766596e4b394a6a4b4c67506b4f6b68417a52422b494a6663486b34644145447932576a6876797a4b716b43436b7465357144434538396750552f2f6a420a64596579664a6f376b72777a7a5931735a784a50647a495352704e7a4536507470627369436b537245492f3941766d38364157466d444432425643387a3939580a306b6c54415a636949373475324b414f493251377a513245392b476678636a4159364746616d552b49684944586e79522b56464248716c636d4b4f47684b56460a58646a437470766c764935326141364c4f7454433734444238584359544962466d6958356f3545584f757a58374e572f6a7231776d653078556b61315544656a0a5248434c345056432f4e4c417a78326c4f6c64784245653234494c6961594a57456b476574365779417369473850593273523139487077424342746b5a5857500a6f58467a3733466e554c374136654546715755694d645666436d4b675477494441514142416f49434146524f2b7a436a734d5156666770456147446263556d780a4776694f77747235475951436e595378714c74774f6274796833445479592b545243465331794771564a7349756b56722f30365a4264796632516f485943544f0a32712f2f645a5a45583072616e61414e7256366959566e47734c5776616e544944594f4e4a6c686c4831486448724578736a53593059376f504c7243472f4c640a454f32346b786a2f2b54556b716b524e6d7563386637376a546536556a3035645a7177566c6a3348636d666b616455637632757a7764796b5357534f475562540a425341327a7035486d7968464c767668513947354f4e596a524c514d6a326234537654464438356567505a577a4c575536626277324a5873774c366930786b710a44695a455256674e524f797a756a426a4f4838543473614e6d394236356a4d7a3156647538456366315368427366416d46543937697636503961537a4d6b682b0a5a483478396c5436425648483453553251775355744c3058596961585657756a7968765072427a6e4532586e664e6462522b69794a58644b57716344456144440a625562643834464f6638616e506d70696b7439614a336b6236453763593069575671496c6b7a504331777673584c43666b367a72743647652f6142314f4854410a53745868564c4932624e4b583237383149356c6d4464613237696e6c4266353053495079387144636478414e4b4271414d7333387a52775356443048614a58380a486e726f55734e49627370793832434e4a4e4f58547771796d757166764a6544612f6f5a6e376d485a4f55396e596f74517a4b6c6a4a566f53376f363073546b0a326b7139784e666d36314575574c552b6f42776c6c4d553855466672436e734f786d6c2f3343326430484e68642f46744f43382b755143536369566d4544424e0a366544526755716f66624a746755483879474d42416f4942415144664556457736434c6d5a6a6e557532396f39644b2f4e5a66755959674b306951506d7958380a4e35357a796d4535636a3577774d38447379626f322b3437696d712b49586252635a7959504b723242487332524a4f357551357a4338644c686d484d70636e710a3551736f652b546746556f66597441374633424c6152434d7569417238525475326d713152437549427476486e2f6d636667452b3332744b7049534c516f61340a736a4d7767496636414331545777597934394f4254615871426a496c4f657334454d544b6c374c7348414a3142616439716b626b4c72433166386752496f654b0a4534672b64502b6d432f676e7852753235795847335533577a6d6261694d677941597a594773444b62676c66536d3630783846506d6c51496a343842706858390a336a573247645772744f56586644754c516342682f54334f2f6736436c505a70727653474c49464d726e70726e735837416f49424151444b30715853597950660a5648554137443548535a466b6651486f656f4a35573051776969686c4e474b5976504f6b425458665a367975323672746556433446515a666f4367507a6f55640a4b2f41735057337133466e6666734a59376551434d70585554454a536d5a69733247422b703173356577336445423152734e5a59346d32345a4f556c62572f370a585a446936534143704131534739375054433774316e48584e6b50544d73473039366d6d4b70416e436f76376c7372306843794f63454449387036466a2b51570a4e7953792b4276364a583968316a4364427764336b6f396345694573314f7a572b6b44374d5a6f4842657957396d547a656c5243486e6f3059423266335573650a337139393558434742692b495473797874514e7a55794f5662666658694e4f792b516841674430763431444250676a4d79346833683162386c7539372f4749470a45563235666f754d45344b39416f4942414330356a704e797a50695853797846494135516f4879687566376269554267594731466b45723158387573415641720a5346754679374b39564b7372513736516a706d6a6f5470505a576338445a45355556327351364d49304e516b5644434d757a464a66346c2f444763567a3035620a497038415971564957443042765267362b4344516a4f54734a577841754f366f4c56446f727975364a446943425865707154477575432b6a2b567268424442380a62725153705577574171435a68495451347350485856674e6c6b68597679363963775955736d4e343755782f357457315a584f4c34357a7233746943306633780a4f55756532384b5756494e67424e4d4448376b347542586a574a484c77734348314b43634c35753555416a366967542b54676b51696937684b565356496b76670a72677178706b5453664e5768435448354d696e70563567506e34584161697149795573656370634367674542414d6c68633947384c41372f765a696e2b4949780a6b704853365155614e74676c2f554f77756345617a5662594c5a564b7378335a773452756958313265655838776a4a4b51397a46386a6476752b31424a5255500a7170435650495374317a6b7a5872374735516338694848392b586c6e3039547a304755524c667442654f4953474630416d4f43626b3564695a497859616a63560a436b446665564163565842432f77397653744b315438334f4a667a64762f6c7a71462b71626d4e7670516e63665162496c77734950724373476430314b686f710a4278747558794261725668564264436d4535682b355a58694c6f6a36792f4e7a4e3245417a6d564e7263466b6e33504868304b4770364c442b6a306e685a30640a4953375842726a66674d694e34515071687933544a6c644b6d70336f646c68492f4a4b53644978612f6d6d6e30482f466f5931616e7a316c47736b6c303472470a6949554367674541454a6d672f4b7567784c756374775664543352502b362b34736b68473547517275773932354a716f4952482b71724365634373545a6b74700a45432f7766535870755153774b3342526a344930383347737331694d4e694b306e6b77774a52563451685a694a646d70344934684878497679487031323547680a6e595973382f484f2b416461337539716b2b65474d6d71693752336371387035725a337153304775754c4a6f694e61395945683558765266444446794172372b0a3858644c452b634c4345693851727241487065694432793068492b67764e575877515473524d556f426f4f6347387a65546a65514f4d3551357758712f77454c0a797a652b2f7950507135517870564d61694e544c4732667831634569796a394c74354a6c74716c793132637157733276706e59393336794c415848633164392f0a6d53334c71787732504d4e4f573051514a52496c6f364e7a50624f3375673d3d0a2d2d2d2d2d454e442050524956415445204b45592d2d2d2d2d0a),
(36, 'ronb', '86b5a5444a0892690300a0204b3eb628', 'Ronb', '', 'Ronb', '2001-09-09', 'Bhaktapur', '9874521039', 'ronb@gmail.com', '67317dbd1f91f_465764972_939319311563299_3195053362791941292_n.jpg', '1', 0, '0', 0x2d2d2d2d2d424547494e205055424c4943204b45592d2d2d2d2d0a4d494943496a414e42676b71686b6947397730424151454641414f43416738414d49494343674b4341674541716b696b2f6b764a6961614951336472395953630a764738646d5a75645a33456b774b496d6959484c6c415a4c504d4c49496653724a4557726235466734437a4d7a3242796245534c73522b745970635a742b456e0a69724a694f30536a706c5176645246386c5a487430355161532f737a4f6355375845776f395a6d4c2f6e4b6a50714d57596a694c383165646c443932785134760a4f4d334a6962734f674f6c414c646c3337646e59784874415177595443722f737269787265645973716461646354744c746e70334b4e726d5135536b6d724c640a4761454a483347624e2f6b72347738304557452b78536135382b78314562792f5173616b6a46654d77595a6e346f494d496d5349596b464965667249796c50530a6138354364754e707441755361364f67303257706f7a6f6335335a72517143524351786858344d4578626d6659704337532f45756547564459366c4c30514a560a42763965532f6c6c6c3377542f697778535a426d774e485157674a714f5a6e564371633149746b4f376753592b6a756248717938506f4f54546432576f6365730a44336466794a4373325a4761664c4d466c763642396a35384c316b7634426d31306746747a4c6b384b5046676e556c6d6f765138444d555546324b6439594a660a554e67374e726a554e66767a36436c7467794750523145726178764179387031523951527169684f43643539324b6b4258436b4b644b2b33437064524b7a5a2b0a592b62537475557a617449575a314d48544d6e77324c516c6c3969554f6931584341534e356f483846542f5a64634a6d784e666d6c7363676d657a466b4a446e0a667150562b504639504c2b756650706434454a5a7a77334b465444326c48783555394f4f6674506979584b3268576645624776477a674d456559316d616c794e0a33584675494e444852615970333063764e626541785663434177454141513d3d0a2d2d2d2d2d454e44205055424c4943204b45592d2d2d2d2d0a, 0x2d2d2d2d2d424547494e2050524956415445204b45592d2d2d2d2d0a4d49494a516749424144414e42676b71686b69473977304241514546414153434353777767676b6f41674541416f494341514371534b542b53386d4a706f68440a64327631684a79386278325a6d35316e635354416f69614a67637555426b733877736768394b736b526174766b5744674c4d7a5059484a7352497578483631690a6c786d333453654b736d4937524b4f6d56433931455879566b6533546c42704c2b7a4d357854746354436a316d59762b63714d2b6f785a694f49767a563532550a50336246446938347a636d4a75773641365541743258667432646a456530424442684d4b762b79754c47743531697970317031784f307532656e636f32755a440a6c4b53617374305a6f516b66635a73332b53766a447a5152595437464a726e7a37485552764c39437871534d56347a42686d6669676777695a496869515568350a2b736a4b55394a727a6b4a3234326d3043354a726f3644545a616d6a4f687a6e646d74436f4a454a4447466667775446755a39696b4c744c385335345a554e6a0a71557652416c55472f31354c2b5757586642502b4c44464a6b47624130644261416d6f356d64554b707a556932513775424a6a364f357365724c772b67354e4e0a335a61687836775064312f496b4b7a5a6b5a7038737757572f6f4832506e777657532f67476258534157334d7554776f38574364535761693944774d785251580a59703331676c395132447332754e51312b2f506f4b57324449593948555374724738444c796e5648314247714b45344a336e3359715146634b5170307237634b0a6c3145724e6e356a35744b3235544e7130685a6e5577644d7966445974435758324a51364c5663494249336d6766775650396c31776d6245312b61577879435a0a374d57516b4f642b6f39583438583038763635382b6c3367516c6e5044636f564d50615566486c543034352b302b4c4a637261465a3852736138624f417752350a6a575a715849336463573467304d644670696e6652793831743444465677494441514142416f494341446579597955364c4d5631547753695078476a4f7044330a317a717a42353061434f647049696d2f35704b594c4776485769616848496c557347706870736f73585346486271577a46653374616f7a67313279706e49466c0a4c335172553076494a5732704e704c466c494372354a344e6f416535563130744841695a4849307865657532394539554a354b4569656f2f683932556369576d0a536446652b624e346c36466e6a43366b487037466f5a4e4b6e56666178744f42652f587838394870664c33596f7a38676433464a69423936737778576a4c4d680a56526150316a464d73756f6c777559635a4b656672787231734b55496b35614832724a387748466351515a356576615534336366323144716b6c7037614577530a76764b634636726f5468416643532b6342517836715a47627a69475132312b5753524d7769354d517a2b30785964484a4a57594432544c7a34505351537262690a69524478527a594c4a5231483835433249764c6b73566d63794434794e33797a733563477852733052656857794d4f756b533278664e734241666a45523369650a433651377a77386b4d4a586646636e686b6f6a4634434a583545705a75516f514e556437504d527a54524a5047385a446a73327a533945717754734a3946496e0a56655433424f6f392f4853643333417975334263475738773866747731704c415548464e666c6b51466143437a6f656c6876642f4c7158702f743354586542660a4e592f6366424e5255487a4c7a4173537576612f484e687033766d517779596870716b4d75315958654e666f4a585768454b6a4b514576577863746a444e462b0a4a337750736f614a447a6d79347753472f39585251373935743274326f716665456d50616d6a494e457545734c76472f4c6573353364623179564847775553540a51704777306f6c6d524d56374d2f6a4678466968416f49424151445937752f74476f474e772b50573366583271773565365a425a48334a6136417165565541390a6d2b3571647233376a2f6d396b517635394130502b393170396f67314e753469327556724e4b31524c67565439396432484462303875446f2b594e7034676d420a536547463943354d5a473459432f7875323577596662555174763549692f794f50573750484e396f774f61477561355965773445764f35776d77474d316a63590a3648633568755864777262586364727571644465333454714f33327738352b4b57726b44794e487251454c34467966623958787742434c5261304553615346540a765a42664a6131307252476731327250654b4972583554566e4553333146304b78335354476f55735a51773370315a4f4b7a625a7335315157706563302b71470a46537379306c6933456768646432566e75587a4564335057426f364539657a41492f547966642f6735523871626b574e416f4942415144493878466e4d7137700a455869655a3157574a3479322b4a515635692f4a416c474b52384370696a44756f444b6a3372424a6f704a68586f544f4e734e57412b694d53374b39464556710a6553346450343251795663413141794d322f4c76367a6845754735726f58536f4e337772732f46534e7758794534792b4959556c716254675565462b663652700a5956686e786741742b487347624e39355439792b6575346e3231314e4e79685472504947514a4d326b7953414a33786d585a61615267486e6453587974566a580a5962656e4e4d656741485a6c6c36467250737353787353394b446d6d77336f78424477574a775a4f44702f47634b414454545a755658464d75715459443845500a7443344c303249756550365756426c32642f6e72494a32365476706764504c305a30625535376f637661496631357a64387537686f7a624c49742f6d7661686c0a37496d392b6c7774326d4e7a416f494241446361596c6c6733543273583468707378756f456174734f7031597a6f786d32714f6a5667455152627848557a532b0a4f70713761455a696870726a794463745279583151514962686944344c586f736258414a795849583871472f752f2b52755a374171746472633979357a4c54630a34645937335441766d6e5069496f63505a49483742506b41673941614c6d6d47626b67556a454f765a6a30763349552f366d4869322f5834767167664b7535730a6b6c4d68655a49634570453652364854344c5a382b36364349764c694a4f6854313237374f7357316b706c46673636635274677457696a53517754594a6a6f330a352f31714770682b7450713965616e5532754f7a447273354e4e5255375454387165444e4962415462416861686f41747373744554524d6e39325165614369410a6252324977587061644758585464593072696a35367478586864572b77597033794c58586374554367674542414a6e6245563455506a755139757442627851790a58396a50356f4946356c78652f424f46384974656c53782f563461455144474132646258535a4f68396c6c72554b66715a59584465597157456171764f444b390a4658493636516b496471386652387646386a5653503046306967766b45456245666a626b705151474969322b444245635943773869714e7374775674596b48510a5746474a466d6d4a726866686732726332456b416a4533557774487171307844794e53655a75377868526646746a754452485461534a565036672b4a70375a6e0a354437516f2f53363954304246793146475338487941797a6b315861743063596831696d627231595a75352f574f70496c574967586338715133386d623676700a552f50426e47564b597632563057344f666b4651435a7a375867347842687876545378594a33454153637055377555465a4b30455657554567456f473449447a0a44755543676745415748734b594479724f664d545a487751477274556736774846423753322b6769356d6e6f754f54634e2f7364563048546b4435694f4871660a56557a6c6e32686a78757638484b647a695a32746d79683061456d796a48626e2b76562f45333632754163544842584237733258396f7263493458335278465a0a754a34354d7866363841675a777659687958334e6b6732414939726f31615a3058455a2b36743738663330656e56533773326e4f525253656e697452527653460a4d5466344156745657576f6235464a6972774b36776c5059377434456255334d75396950786e6935532b4b61677041343535786953684e4f476f375377336b520a4c422b7536617730396470517a5466412f74446c6c4a61427a37613863634b6b4c5a3350426e68336a6d4f7a495274536a646a4b6d73574d6c78714c574351780a577359366c3944302b6e4157664f55427031684b793655664f69705a53513d3d0a2d2d2d2d2d454e442050524956415445204b45592d2d2d2d2d0a);

--
-- Indexes for dumped tables
--

--
-- Indexes for table `comment`
--
ALTER TABLE `comment`
  ADD PRIMARY KEY (`cid`),
  ADD KEY `newsfeed_id` (`newsfeed_id`),
  ADD KEY `user_id` (`user_id`);

--
-- Indexes for table `dislikes`
--
ALTER TABLE `dislikes`
  ADD PRIMARY KEY (`did`),
  ADD KEY `newsfeed_id` (`newsfeed_id`),
  ADD KEY `user_id` (`user_id`);

--
-- Indexes for table `friend_lists`
--
ALTER TABLE `friend_lists`
  ADD PRIMARY KEY (`fid`),
  ADD KEY `friend_id_1` (`friend_id_1`),
  ADD KEY `friend_id_2` (`friend_id_2`);

--
-- Indexes for table `likes`
--
ALTER TABLE `likes`
  ADD PRIMARY KEY (`lid`),
  ADD KEY `newsfeed_id` (`newsfeed_id`),
  ADD KEY `user_id` (`user_id`);

--
-- Indexes for table `messages`
--
ALTER TABLE `messages`
  ADD PRIMARY KEY (`id`),
  ADD KEY `sender_id` (`sender_id`),
  ADD KEY `receiver_id` (`receiver_id`);

--
-- Indexes for table `more_details`
--
ALTER TABLE `more_details`
  ADD PRIMARY KEY (`id`),
  ADD KEY `user_id` (`user_id`);

--
-- Indexes for table `newsfeed`
--
ALTER TABLE `newsfeed`
  ADD PRIMARY KEY (`nid`),
  ADD KEY `user_id` (`user_id`);

--
-- Indexes for table `story`
--
ALTER TABLE `story`
  ADD PRIMARY KEY (`sid`),
  ADD KEY `user_id` (`user_id`);

--
-- Indexes for table `users`
--
ALTER TABLE `users`
  ADD PRIMARY KEY (`id`);

--
-- AUTO_INCREMENT for dumped tables
--

--
-- AUTO_INCREMENT for table `comment`
--
ALTER TABLE `comment`
  MODIFY `cid` int(11) NOT NULL AUTO_INCREMENT, AUTO_INCREMENT=27;

--
-- AUTO_INCREMENT for table `dislikes`
--
ALTER TABLE `dislikes`
  MODIFY `did` int(11) NOT NULL AUTO_INCREMENT, AUTO_INCREMENT=41;

--
-- AUTO_INCREMENT for table `friend_lists`
--
ALTER TABLE `friend_lists`
  MODIFY `fid` int(11) NOT NULL AUTO_INCREMENT, AUTO_INCREMENT=76;

--
-- AUTO_INCREMENT for table `likes`
--
ALTER TABLE `likes`
  MODIFY `lid` int(11) NOT NULL AUTO_INCREMENT, AUTO_INCREMENT=78;

--
-- AUTO_INCREMENT for table `messages`
--
ALTER TABLE `messages`
  MODIFY `id` int(11) NOT NULL AUTO_INCREMENT, AUTO_INCREMENT=137;

--
-- AUTO_INCREMENT for table `more_details`
--
ALTER TABLE `more_details`
  MODIFY `id` int(11) NOT NULL AUTO_INCREMENT, AUTO_INCREMENT=17;

--
-- AUTO_INCREMENT for table `newsfeed`
--
ALTER TABLE `newsfeed`
  MODIFY `nid` int(11) NOT NULL AUTO_INCREMENT, AUTO_INCREMENT=26;

--
-- AUTO_INCREMENT for table `story`
--
ALTER TABLE `story`
  MODIFY `sid` int(11) NOT NULL AUTO_INCREMENT, AUTO_INCREMENT=35;

--
-- AUTO_INCREMENT for table `users`
--
ALTER TABLE `users`
  MODIFY `id` int(11) NOT NULL AUTO_INCREMENT, AUTO_INCREMENT=37;

--
-- Constraints for dumped tables
--

--
-- Constraints for table `comment`
--
ALTER TABLE `comment`
  ADD CONSTRAINT `comment_ibfk_1` FOREIGN KEY (`newsfeed_id`) REFERENCES `newsfeed` (`nid`),
  ADD CONSTRAINT `comment_ibfk_2` FOREIGN KEY (`user_id`) REFERENCES `users` (`id`);

--
-- Constraints for table `dislikes`
--
ALTER TABLE `dislikes`
  ADD CONSTRAINT `dislikes_ibfk_1` FOREIGN KEY (`newsfeed_id`) REFERENCES `newsfeed` (`nid`),
  ADD CONSTRAINT `dislikes_ibfk_2` FOREIGN KEY (`user_id`) REFERENCES `users` (`id`);

--
-- Constraints for table `friend_lists`
--
ALTER TABLE `friend_lists`
  ADD CONSTRAINT `friend_lists_ibfk_1` FOREIGN KEY (`friend_id_1`) REFERENCES `users` (`id`),
  ADD CONSTRAINT `friend_lists_ibfk_2` FOREIGN KEY (`friend_id_2`) REFERENCES `users` (`id`);

--
-- Constraints for table `likes`
--
ALTER TABLE `likes`
  ADD CONSTRAINT `likes_ibfk_1` FOREIGN KEY (`newsfeed_id`) REFERENCES `newsfeed` (`nid`),
  ADD CONSTRAINT `likes_ibfk_2` FOREIGN KEY (`user_id`) REFERENCES `users` (`id`);

--
-- Constraints for table `messages`
--
ALTER TABLE `messages`
  ADD CONSTRAINT `messages_ibfk_1` FOREIGN KEY (`sender_id`) REFERENCES `users` (`id`),
  ADD CONSTRAINT `messages_ibfk_2` FOREIGN KEY (`receiver_id`) REFERENCES `users` (`id`);

--
-- Constraints for table `more_details`
--
ALTER TABLE `more_details`
  ADD CONSTRAINT `more_details_ibfk_1` FOREIGN KEY (`user_id`) REFERENCES `users` (`id`);

--
-- Constraints for table `newsfeed`
--
ALTER TABLE `newsfeed`
  ADD CONSTRAINT `newsfeed_ibfk_1` FOREIGN KEY (`user_id`) REFERENCES `users` (`id`);

--
-- Constraints for table `story`
--
ALTER TABLE `story`
  ADD CONSTRAINT `story_ibfk_1` FOREIGN KEY (`user_id`) REFERENCES `users` (`id`);
COMMIT;

/*!40101 SET CHARACTER_SET_CLIENT=@OLD_CHARACTER_SET_CLIENT */;
/*!40101 SET CHARACTER_SET_RESULTS=@OLD_CHARACTER_SET_RESULTS */;
/*!40101 SET COLLATION_CONNECTION=@OLD_COLLATION_CONNECTION */;
